id,enumerator_id,survey_date,duration_minutes,respondent_age,household_size,monthly_income,monthly_expenditure,asset_count,currently_working,education_level,work_sector
R03570,E01,2025-04-01,30,44,5,1601,1751,2,1,1,services
R01997,E01,2025-04-01,21,34,10,1761,1652,5,1,2,agriculture
R02628,E01,2025-04-01,31,18,5,1531,884,4,1,1,retail
,E01,2025-04-01,27,18,4,1339,1031,5,1,1,agriculture
R00005,E01,2025-04-02,17,46,4,1681,1292,8,1,1,retail
R00006,E01,2025-04-02,62,46,5,1176,1260,2,1,4,manufacturing
R00007,E01,2025-04-02,32,57,6,1207,1085,0,1,3,agriculture
R00008,E01,2025-04-02,44,47,4,,640,1,0,2,
R00009,E01,2025-04-02,30,69,4,1825,964,4,1,3,services
R00010,E01,2025-04-02,41,13,8,1601,1413,3,1,3,agriculture
R00011,E01,2025-04-02,33,36,7,1364,1352,5,1,1,services
R00012,E01,2025-04-02,40,23,4,,2746,2,0,3,
R00013,E01,2025-04-02,29,40,4,,,4,0,4,
R00014,E01,2025-04-02,33,21,6,1283,690,1,1,4,agriculture
R00015,E01,2025-04-02,35,32,6,657,357,3,1,3,retail
R00016,E01,2025-04-02,35,55,5,1281,849,4,1,1,agriculture
R00017,E01,2025-04-03,45,33,3,13599,2462,0,1,3,agriculture
R00018,E01,2025-04-03,41,20,5,,1219,3,0,1,
R00019,E01,2025-04-03,51,28,4,1204,4459,2,1,4,services
R00020,E01,2025-04-03,30,,5,370,,1,1,3,manufacturing
R00021,E01,2025-04-03,31,41,6,1572,1228,4,1,1,retail
R00022,E01,2025-04-03,47,42,8,2206,,1,1,2,manufacturing
R00023,E01,2025-04-03,42,38,10,1763,1729,5,1,3,retail
R00024,E01,2025-04-03,32,52,6,,1561,7,1,3,agriculture
R00025,E01,2025-04-03,31,30,8,809,592,4,1,1,services
R00026,E01,2025-04-04,32,20,4,,836,3,1,1,manufacturing
R00027,E01,2025-04-04,29,37,5,,1673,8,0,3,
R00028,E01,2025-04-04,45,47,3,990,953,1,1,4,government
R00029,E01,2025-04-04,33,28,5,,1197,4,0,4,
R00030,E01,2025-04-04,24,32,4,1919,2006,6,1,2,manufacturing
R00031,E01,2025-04-04,47,68,2,,1933,5,0,3,
R00032,E01,2025-04-05,36,40,3,,1193,3,0,4,
R00033,E01,2025-04-05,42,20,7,,1279,3,0,4,
R00034,E01,2025-04-05,36,63,5,1504,1385,5,1,2,retail
R00035,E01,2025-04-05,28,31,3,1899,1712,5,1,1,agriculture
R00036,E01,2025-04-06,27,32,3,2488,1822,5,1,2,government
R00037,E01,2025-04-06,29,35,9,637,21062,3,1,4,government
R00038,E01,2025-04-06,43,43,11,1932,1945,9,1,4,retail
R00039,E01,2025-04-06,38,42,8,1142,1084,6,1,1,agriculture
R00040,E01,2025-04-06,26,27,3,1109,1035,3,1,3,services
R00041,E01,2025-04-06,30,38,4,1827,1560,6,1,4,manufacturing
R00042,E01,2025-04-06,66,57,5,,511,,1,3,retail
R00043,E01,2025-04-06,48,37,10,,1853,,0,1,
R00044,E01,2025-04-06,33,28,4,,4910,5,0,3,
R00045,E01,2025-04-06,52,29,7,,1476,7,0,2,
R00046,E01,2025-04-06,38,18,7,,579,4,1,2,retail
R00047,E01,2025-04-07,40,37,5,,594,2,0,1,
R00048,E01,2025-04-07,33,30,3,1032,526,,1,4,agriculture
R00049,E01,2025-04-07,28,25,4,732,561,7,1,3,services
R00050,E01,2025-04-07,31,50,3,,1157,6,1,2,retail
R00051,E01,2025-04-07,37,41,6,,1727,5,0,1,
R00052,E01,2025-04-07,43,39,10,,1082,5,0,1,
R00053,E01,2025-04-07,29,61,2,,477,0,0,2,
R00054,E01,2025-04-07,25,57,5,592,367,2,1,4,retail
R00055,E01,2025-04-07,17,58,5,683,728,5,1,4,manufacturing
R00056,E01,2025-04-08,43,22,7,,793,3,0,2,
R00057,E01,2025-04-08,29,33,5,,604,2,0,4,
R00058,E01,2025-04-08,29,43,7,,561,3,0,3,
R00059,E01,2025-04-08,24,48,8,364,610,4,1,4,agriculture
R00060,E01,2025-04-08,44,47,11,1557,1290,4,1,1,services
R00061,E01,2025-04-08,56,58,9,601,595,4,1,2,retail
R00062,E01,2025-04-08,27,49,7,1502,1784,5,1,1,agriculture
R00063,E01,2025-04-09,43,52,8,1235,942,3,1,1,services
R00064,E01,2025-04-09,34,39,6,1337,690,5,1,2,services
R00065,E01,2025-04-09,22,40,4,,659,8,1,2,retail
R00066,E01,2025-04-09,40,24,7,1856,2083,5,1,4,manufacturing
R00067,E01,2025-04-09,30,40,5,,,,0,4,
R00068,E01,2025-04-09,41,27,3,972,711,3,1,1,government
R00069,E01,2025-04-09,29,41,2,1067,576,5,1,4,government
R00070,E01,2025-04-10,36,54,6,,1717,2,0,1,
R00071,E01,2025-04-10,62,54,9,1978,,6,1,1,agriculture
R00072,E01,2025-04-10,28,58,11,1914,1372,3,1,3,agriculture
R00073,E01,2025-04-10,49,40,4,2003,2056,2,1,2,retail
R00074,E01,2025-04-10,34,48,2,1139,970,1,1,4,manufacturing
R00075,E01,2025-04-10,42,42,4,857,713,0,1,2,agriculture
R00076,E01,2025-04-10,31,,8,1007,831,2,1,1,agriculture
R00077,E01,2025-04-10,25,42,3,1575,982,4,1,1,agriculture
R00078,E01,2025-04-10,25,37,6,,662,0,0,2,
R00079,E01,2025-04-10,35,39,4,1247,891,,1,4,government
R00080,E01,2025-04-11,45,31,4,1355,1201,4,1,4,agriculture
R00081,E01,2025-04-11,35,64,5,,1203,2,1,1,government
R00082,E01,2025-04-11,42,39,6,890,757,,1,4,services
R00083,E01,2025-04-11,44,43,18,730,661,0,1,4,manufacturing
R00084,E01,2025-04-11,37,41,4,3654,2823,6,1,2,agriculture
R00085,E01,2025-04-11,27,59,4,1570,,3,1,1,services
R00086,E01,2025-04-11,44,47,4,1988,1966,4,1,4,retail
R00087,E01,2025-04-12,24,27,7,,525,5,0,2,
R00088,E01,2025-04-12,41,49,4,787,803,0,1,1,manufacturing
R00089,E01,2025-04-12,35,38,8,1470,,8,1,1,manufacturing
R00090,E01,2025-04-12,45,44,6,,2362,4,1,2,retail
R00091,E01,2025-04-12,55,27,7,1760,,2,1,1,government
R00092,E01,2025-04-12,46,45,4,2087,2077,4,1,3,services
R00093,E01,2025-04-12,49,52,9,1086,1144,8,1,3,manufacturing
R00094,E01,2025-04-12,39,35,6,1473,1285,4,1,2,services
R00095,E01,2025-04-12,31,38,10,716,766,1,1,1,agriculture
R00096,E01,2025-04-12,34,44,3,794,615,3,1,1,agriculture
R00097,E01,2025-04-12,25,44,7,2856,2377,6,1,3,manufacturing
R00098,E01,2025-04-12,37,32,9,,1065,5,0,1,
R00099,E01,2025-04-13,42,32,5,,1280,4,0,3,
R00100,E01,2025-04-13,45,,8,689,482,5,1,4,retail
R00101,E01,2025-04-13,,18,9,,1140,4,0,1,
R00102,E01,2025-04-13,28,31,5,1203,870,5,1,3,agriculture
R00103,E01,2025-04-13,48,25,4,,1097,4,0,2,
R00104,E01,2025-04-14,27,34,6,1409,1268,5,1,1,retail
R00105,E01,2025-04-14,37,18,9,1829,2099,8,1,3,retail
R00106,E01,2025-04-14,25,40,3,1438,1465,3,1,3,manufacturing
R00107,E01,2025-04-14,32,38,7,2107,1714,7,1,3,retail
R00108,E01,2025-04-14,48,33,6,1114,1102,5,1,1,agriculture
R00109,E01,2025-04-14,41,54,7,1000,881,4,1,3,agriculture
R00110,E01,2025-04-14,37,34,5,710,,4,1,2,services
R00111,E01,2025-04-15,50,32,9,1129,1125,3,1,4,retail
R00112,E01,2025-04-15,25,51,6,,805,5,0,1,
R00113,E01,2025-04-15,47,56,4,2811,2574,7,1,2,retail
R00114,E01,2025-04-15,55,35,7,2294,,5,1,3,retail
R00115,E01,2025-04-15,43,39,5,1196,1066,8,1,4,manufacturing
R00116,E01,2025-04-15,47,33,8,1771,1619,5,1,3,agriculture
R00117,E01,2025-04-15,30,54,3,,764,6,0,2,
R00118,E01,2025-04-15,30,44,6,1039,1010,4,1,1,services
R00119,E01,2025-04-15,34,26,9,,735,3,0,4,
R00120,E01,2025-04-15,29,18,6,,1088,0,0,2,
R00121,E01,2025-04-16,38,33,11,,1146,5,0,2,
R00122,E01,2025-04-16,34,51,11,,603,2,0,2,
R00123,E01,2025-04-16,32,18,7,,,2,0,1,
R00124,E01,2025-04-16,35,43,6,,849,5,1,3,government
R00125,E01,2025-04-16,30,48,7,,1794,,0,2,
R00126,E01,2025-04-16,29,18,5,,893,6,1,1,government
R00127,E01,2025-04-16,39,18,2,,1376,5,0,4,
R00128,E01,2025-04-16,39,62,2,1889,1858,4,1,4,services
R00129,E01,2025-04-16,,30,5,1107,907,2,1,2,manufacturing
R00130,E01,2025-04-16,41,18,3,1442,1259,1,1,2,government
R00131,E01,2025-04-16,,18,9,827,743,3,1,1,services
R00132,E01,2025-04-17,39,45,4,788,650,5,1,4,retail
R00133,E01,2025-04-17,33,12,8,1162,3291,5,1,1,agriculture
R00134,E01,2025-04-17,1,19,3,,944,8,0,3,
R00135,E01,2025-04-17,24,40,6,3531,2933,6,1,3,agriculture
R00136,E01,2025-04-17,34,41,4,1362,947,3,1,4,services
R00137,E01,2025-04-17,,45,7,,1588,5,0,3,
R00138,E01,2025-04-18,29,32,6,1407,1126,8,1,1,government
R00139,E01,2025-04-18,28,51,2,,912,0,0,2,
R00140,E01,2025-04-18,34,22,2,1441,1124,7,1,4,agriculture
R00141,E01,2025-04-18,25,33,8,3536,2733,3,1,2,services
R00142,E01,2025-04-18,43,32,4,1866,1590,6,1,3,retail
R00143,E01,2025-04-18,47,69,6,439,408,0,1,1,services
R00144,E01,2025-04-18,33,43,4,1111,1031,2,1,4,services
R00145,E01,2025-04-18,,24,7,1376,1474,0,1,3,retail
R00146,E01,2025-04-19,32,64,7,1438,1505,5,1,4,government
R00147,E01,2025-04-19,29,61,4,1128,776,5,1,2,retail
R00148,E01,2025-04-19,37,18,9,1305,1307,5,1,4,retail
R00149,E01,2025-04-19,,46,4,,1431,4,0,3,
R00150,E01,2025-04-19,31,41,9,,985,0,1,4,retail
R00151,E01,2025-04-19,35,45,1,662,12084,4,1,3,government
R00152,E01,2025-04-19,45,34,6,2485,2245,5,1,2,retail
R00153,E01,2025-04-19,37,45,4,1301,897,2,1,2,agriculture
R00154,E01,2025-04-19,34,24,4,980,977,7,1,3,agriculture
R00155,E01,2025-04-20,,53,12,,1915,5,0,2,
R00156,E01,2025-04-20,31,40,4,1504,1125,4,1,2,manufacturing
R00157,E01,2025-04-20,29,38,4,1584,1500,6,1,1,manufacturing
R00158,E01,2025-04-20,51,47,8,,1134,3,0,1,
R00159,E01,2025-04-20,42,52,8,750,692,2,1,2,government
R00160,E01,2025-04-20,22,40,9,815,513,,1,2,manufacturing
R00161,E01,2025-04-20,43,35,5,1552,1331,4,1,1,agriculture
R00162,E01,2025-04-20,37,42,2,,1110,2,0,2,
R00163,E01,2025-04-20,36,39,7,1084,936,4,1,4,agriculture
R00164,E01,2025-04-21,43,41,7,1254,1228,5,1,1,government
R00165,E01,2025-04-21,39,34,5,2069,,5,1,4,retail
R00166,E01,2025-04-21,32,18,11,,805,6,0,3,
R00167,E01,2025-04-21,26,52,5,,1055,4,0,4,
R00168,E01,,43,42,5,748,771,3,1,4,retail
R00169,E01,2025-04-22,35,54,10,784,,5,1,2,government
R00170,E01,2025-04-22,34,46,4,,1847,7,1,2,services
R00171,E01,2025-04-22,47,52,2,,2890,,0,4,
R00172,E01,2025-04-22,39,26,4,896,782,3,1,3,government
R00173,E01,2025-04-22,35,18,6,1230,602,4,1,3,manufacturing
R00174,E01,2025-04-22,8,31,5,1062,885,4,1,3,retail
R00175,E01,2025-04-22,45,21,8,1489,1519,5,1,2,manufacturing
R00176,E01,2025-04-22,36,25,4,2113,1702,4,1,2,manufacturing
R00177,E01,2025-04-22,29,31,3,3632,3833,6,1,4,services
R00178,E01,2025-04-22,35,28,6,1256,930,4,1,4,agriculture
R00179,E01,2025-04-23,34,34,2,,1314,0,1,4,government
R00180,E01,2025-04-23,36,37,8,,1272,0,0,1,
R00181,E01,2025-04-23,24,66,8,,1098,3,0,4,
R00182,E01,2025-04-23,34,43,5,2973,2982,7,1,3,services
R00183,E01,2025-04-23,48,44,5,,706,4,0,4,
R00184,E01,2025-04-23,34,,7,944,843,5,1,2,government
R00185,E01,2025-04-23,28,23,3,858,797,2,1,4,government
R00186,E01,2025-04-23,56,39,1,2029,14305,6,1,3,government
R00187,E01,2025-04-23,47,47,5,,1679,,0,4,
R00188,E01,2025-04-23,45,18,8,,1026,3,0,1,
R00189,E01,2025-04-24,25,54,10,2798,,4,0,1,
R00190,E01,2025-04-24,,62,5,949,741,,1,4,manufacturing
R00191,E01,2025-04-24,33,41,6,,520,0,0,2,
R00192,E01,2025-04-24,22,34,6,608,,2,1,4,services
R00193,E01,2025-04-24,44,56,2,1987,1403,2,1,3,services
R00194,E01,2025-04-24,43,61,1,,12381,2,0,4,
R00195,E01,2025-04-24,48,43,5,1361,3651,3,1,4,services
R00196,E01,,40,25,7,,612,5,0,4,
R00197,E01,2025-04-24,26,57,12,,2181,3,1,1,services
R00198,E01,2025-04-25,26,29,5,730,,3,1,1,agriculture
R00199,E01,2025-04-25,26,51,6,,1842,3,0,2,
R00200,E01,2025-04-25,42,30,8,1580,1763,9,1,1,retail
R00201,E01,2025-04-25,40,53,9,1398,814,6,1,2,government
R00202,E01,2025-04-25,35,48,4,669,,6,1,2,government
R00203,E01,2025-04-25,35,22,9,685,579,3,1,3,manufacturing
R00204,E01,2025-04-25,47,35,5,2193,2478,3,1,1,manufacturing
R00205,E01,2025-04-25,32,66,5,,947,5,0,1,
R00206,E01,2025-04-25,33,28,5,697,624,5,1,3,retail
R00207,E01,2025-04-25,33,33,10,,,3,1,4,government
R00208,E01,2025-04-25,15,58,4,,1080,5,0,2,
R00209,E01,2025-04-25,36,59,10,1505,1622,,1,2,agriculture
R00210,E01,2025-04-25,46,45,6,802,794,2,1,3,retail
R00211,E01,2025-04-26,21,39,5,,988,0,0,1,
R00212,E01,2025-04-26,39,31,7,1626,1350,5,1,4,services
R00213,E01,2025-04-26,38,28,10,1954,1593,2,1,3,agriculture
R00214,E01,2025-04-26,42,47,8,,692,7,0,4,
R00215,E01,2025-04-26,41,31,6,785,760,0,1,3,government
R00216,E01,2025-04-26,39,25,6,,2985,4,0,4,
R00217,E01,2025-04-26,30,51,6,569,458,4,1,3,retail
R00218,E01,2025-04-26,51,62,5,1136,1605,1,0,4,
R00219,E01,2025-04-26,33,29,8,1126,973,4,1,3,services
R00220,E01,2025-04-26,31,22,4,,1056,7,0,1,
R00221,E01,2025-04-26,35,62,11,657,686,2,1,4,manufacturing
R00222,E01,2025-04-26,42,28,6,,941,6,0,4,
R00223,E01,2025-04-27,43,39,6,996,746,4,1,4,services
R00224,E01,2025-04-27,27,43,3,1375,1334,5,1,2,services
R00225,E01,2025-04-27,44,30,7,,2458,6,0,3,
R00226,E01,2025-04-27,44,45,9,1717,1602,1,1,3,retail
R00227,E01,2025-04-27,29,61,5,3365,2443,5,1,2,agriculture
R00228,E01,2025-04-27,31,49,5,,719,6,1,4,government
R00229,E01,2025-04-27,35,46,6,2008,,3,1,2,government
R00230,E01,2025-04-27,24,,4,2849,3179,6,1,4,government
R00231,E01,2025-04-27,44,49,7,1638,918,5,0,1,
R00232,E01,2025-04-27,42,47,4,1435,1303,6,1,4,manufacturing
R00233,E01,2025-04-27,1,26,6,1278,1421,7,1,3,government
R00234,E01,2025-04-27,41,48,5,434,364,4,1,3,government
R00235,E01,2025-04-28,39,52,11,,1094,4,0,3,
R00236,E01,,43,47,9,1166,958,3,1,4,services
R00237,E01,2025-04-28,42,18,6,664,34867,2,1,2,agriculture
R00238,E01,2025-04-28,37,24,1,,464,0,0,3,
R00239,E01,2025-04-28,49,31,10,1055,942,2,1,2,manufacturing
R00240,E01,2025-04-29,37,38,5,,787,4,1,4,services
R00241,E01,2025-04-29,29,28,5,,337,3,0,3,
R00242,E01,2025-04-29,32,44,6,,2304,6,0,2,
R00243,E01,2025-04-29,36,37,6,2194,1377,8,1,3,manufacturing
R00244,E01,2025-04-29,30,47,3,890,734,0,1,2,services
R00245,E01,2025-04-29,36,25,10,1064,958,4,1,1,retail
R00246,E01,2025-04-30,32,42,5,1146,1156,3,1,2,government
R00247,E01,2025-04-30,47,43,4,428,310,0,1,1,retail
R00248,E01,2025-04-30,45,58,9,,812,4,1,4,government
R00249,E01,2025-04-30,42,57,4,1040,,2,1,1,services
R00250,E01,2025-04-30,37,30,5,,869,4,0,4,
R00251,E01,2025-04-30,23,35,2,777,486,4,1,1,government
R00252,E01,2025-04-30,53,19,7,749,748,5,1,1,manufacturing
R00253,E01,2025-04-30,31,44,10,2490,2142,,1,3,agriculture
R00254,E01,2025-04-30,38,26,2,,1025,3,0,1,
R00255,E01,2025-04-30,37,30,2,627,636,3,1,4,retail
R00256,E02,2025-04-01,39,47,4,,825,4,1,2,retail
R00257,E02,2025-04-01,41,53,7,484,586,4,1,4,services
R00258,E02,2025-04-01,36,52,6,,1587,5,0,4,
R00259,E02,2025-04-01,41,40,7,771,465,6,1,1,retail
R00260,E02,2025-04-01,54,37,5,,1202,4,0,1,
R00261,E02,2025-04-01,28,45,4,,579,4,0,2,
R00262,E02,2025-04-01,44,26,4,1847,1544,4,1,3,agriculture
R00263,E02,2025-04-01,22,23,8,1971,1574,7,1,2,retail
R00264,E02,2025-04-01,32,48,4,1134,1027,4,1,1,government
R00265,E02,2025-04-01,35,36,4,1756,1427,4,1,4,services
R00266,E02,2025-04-02,43,39,11,759,903,3,1,3,services
R00267,E02,2025-04-02,38,36,7,,806,2,0,4,
R00268,E02,2025-04-02,25,85,5,907,909,4,1,2,services
R00269,E02,2025-04-02,34,34,7,,419,3,0,2,
R00270,E02,2025-04-02,54,36,7,1751,,6,1,2,manufacturing
R00271,E02,2025-04-02,45,43,8,,1435,3,0,2,
R00272,E02,2025-04-02,30,18,6,2325,,4,1,2,services
R00273,E02,2025-04-02,,46,5,1894,1832,7,1,3,government
R00274,E02,2025-04-03,26,29,1,1053,1010,3,1,3,government
R00275,E02,2025-04-03,45,35,10,,816,2,0,4,
R00276,E02,2025-04-03,23,18,4,1317,1001,8,1,1,government
R00277,E02,2025-04-03,37,22,8,,529,1,0,3,
R00278,E02,2025-04-03,29,29,4,,498,5,1,2,retail
R00279,E02,2025-04-04,36,31,11,1097,1193,4,1,1,services
R00280,E02,2025-04-04,34,51,5,2752,1728,7,1,2,government
R00281,E02,2025-04-04,37,55,7,1161,3090,3,1,4,services
R00282,E02,2025-04-04,48,37,7,1415,5122,1,1,4,government
R00283,E02,2025-04-04,21,48,4,,1999,5,0,4,
R00284,E02,2025-04-04,25,48,9,1593,1291,6,1,3,services
R00285,E02,2025-04-04,36,24,5,628,607,7,1,2,services
R00286,E02,2025-04-04,45,,8,1992,1461,6,1,4,services
R00287,E02,2025-04-04,61,30,9,2901,2460,,1,4,retail
R00288,E02,2025-04-04,42,35,7,1276,804,6,1,1,services
R00289,E02,2025-04-04,43,18,3,2441,2115,2,1,1,government
R00290,E02,2025-04-04,37,18,8,,,2,0,1,
R00291,E02,2025-04-04,25,58,8,571,636,5,1,4,government
R00292,E02,2025-04-04,51,49,9,,779,3,1,3,retail
R00293,E02,2025-04-04,41,72,6,,666,5,0,4,
R00294,E02,2025-04-04,44,40,5,,625,5,0,2,
R00295,E02,2025-04-05,33,53,10,1717,1152,5,1,2,services
R00296,E02,2025-04-05,21,24,2,1852,1452,8,1,4,agriculture
R00297,E02,2025-04-05,28,59,5,837,494,4,1,2,manufacturing
R00298,E02,2025-04-05,39,46,5,2854,9641,2,1,1,retail
R00299,E02,2025-04-05,42,40,5,948,636,5,1,2,agriculture
R00300,E02,2025-04-06,62,50,11,1921,1833,4,1,1,manufacturing
R00301,E02,2025-04-06,30,34,7,,958,4,1,3,retail
R00302,E02,2025-04-06,29,43,5,,1757,3,0,4,
R00303,E02,2025-04-06,23,40,5,,582,4,0,4,
R00304,E02,2025-04-06,42,63,5,,,4,1,2,government
R00305,E02,2025-04-06,54,36,7,1185,3920,2,1,2,agriculture
R00306,E02,2025-04-07,28,28,6,,2069,6,1,4,services
R00307,E02,2025-04-07,31,33,3,,1405,2,0,3,
R00308,E02,2025-04-07,42,39,9,,,3,0,3,
R00309,E02,2025-04-07,44,60,4,,1398,3,0,4,
R00310,E02,2025-04-07,27,40,7,,981,2,0,4,
R00311,E02,2025-04-08,32,58,1,469,387,0,1,3,services
R00312,E02,2025-04-08,22,36,5,1449,1487,5,1,4,government
R00313,E02,2025-04-08,25,27,4,,944,4,0,2,
R00314,E02,2025-04-08,28,73,7,,2309,9,0,2,agriculture
R00315,E02,2025-04-08,43,46,7,,907,7,1,2,government
R00316,E02,2025-04-09,30,51,6,478,458,2,1,4,government
R00317,E02,2025-04-09,22,40,4,1749,1262,2,1,2,government
R00318,E02,2025-04-09,28,47,5,,1339,,0,2,
R00319,E02,2025-04-09,29,42,5,746,603,3,1,3,agriculture
R00320,E02,2025-04-09,29,47,9,,1939,2,0,4,
R00321,E02,2025-04-10,29,42,9,757,,0,1,4,agriculture
R00322,E02,2025-04-10,31,18,11,,,3,0,4,
R00323,E02,2025-04-10,50,32,10,,2071,5,0,2,
R00324,E02,2025-04-10,31,30,8,1372,1338,3,1,3,services
R00325,E02,2025-04-10,34,34,2,,1126,6,1,4,agriculture
R00326,E02,2025-04-10,37,29,8,,1317,4,0,4,
R00327,E02,2025-04-10,,47,4,,,,0,4,
R00328,E02,2025-04-11,28,50,7,,910,2,0,1,
R00329,E02,2025-04-11,33,64,11,,1197,4,1,2,services
R00330,E02,2025-04-11,30,18,8,,414,4,0,1,
R00331,E02,2025-04-11,44,27,5,,795,7,1,1,agriculture
R00332,E02,2025-04-11,38,49,8,1453,949,3,1,3,agriculture
R00333,E02,2025-04-11,41,18,4,1096,1216,8,1,1,services
R00334,E02,2025-04-12,37,43,8,1028,870,0,1,4,manufacturing
R00335,E02,2025-04-12,,27,3,767,585,6,1,4,retail
R00336,E02,2025-04-12,29,32,10,1820,1785,3,1,2,manufacturing
R00337,E02,2025-04-12,44,54,7,3007,2966,9,1,4,retail
R00338,E02,2025-04-12,50,63,4,848,716,5,1,4,retail
R00339,E02,2025-04-12,31,41,6,926,1079,,1,4,services
R00340,E02,2025-04-13,36,40,8,1748,1223,7,1,1,government
R00341,E02,2025-04-13,50,36,6,,1977,5,0,2,
R00342,E02,2025-04-13,30,46,3,657,459,2,1,3,retail
R00343,E02,2025-04-13,47,40,4,1045,,5,1,4,services
R00344,E02,2025-04-13,43,25,4,1653,1234,5,1,3,manufacturing
R00345,E02,2025-04-13,35,34,9,,1009,3,0,4,
R00346,E02,2025-04-13,42,48,8,3151,3262,5,1,4,retail
R00347,E02,2025-04-14,22,,7,1618,1582,0,1,3,services
R00348,E02,2025-04-14,48,21,4,435,395,,1,4,services
R00349,E02,2025-04-14,27,47,6,2371,1853,6,1,1,retail
R00350,E02,2025-04-14,35,51,3,,1063,3,0,3,
R00351,E02,2025-04-14,35,30,12,,1646,4,0,2,
R00352,E02,2025-04-14,43,23,6,960,654,2,1,3,manufacturing
R00353,E02,2025-04-14,33,27,2,996,620,0,1,3,manufacturing
R00354,E02,2025-04-14,52,38,8,1878,2302,3,1,1,services
R00355,E02,2025-04-14,37,44,11,,1226,5,0,1,
R00356,E02,2025-04-14,38,31,3,1184,1090,4,1,2,agriculture
R00357,E02,2025-04-14,46,35,5,,1823,7,0,3,
R00358,E02,2025-04-15,25,19,5,,1119,4,0,2,
R00359,E02,2025-04-15,31,34,5,1284,1006,4,1,3,retail
R00360,E02,2025-04-15,23,30,7,1825,1437,4,1,3,manufacturing
R00361,E02,2025-04-15,19,25,2,963,607,2,1,4,services
R00362,E02,2025-04-15,31,28,2,,,1,0,3,
R00363,E02,2025-04-15,48,30,3,,772,0,0,4,
R00364,E02,2025-04-15,,22,3,,1532,5,0,2,
R00365,E02,2025-04-15,41,34,3,,1131,7,0,2,
R00366,E02,2025-04-15,24,25,2,,785,4,0,4,
R00367,E02,2025-04-15,44,42,11,,,4,0,3,
R00368,E02,2025-04-16,31,55,3,1383,997,2,1,4,agriculture
R00369,E02,2025-04-16,44,37,4,914,878,3,1,1,government
R00370,E02,2025-04-16,32,38,2,734,828,5,1,3,retail
R00371,E02,2025-04-16,42,46,7,1275,857,1,1,3,agriculture
R00372,E02,2025-04-16,46,54,6,697,521,3,1,4,agriculture
R00373,E02,2025-04-16,52,45,9,3657,3719,8,1,3,retail
R00374,E02,2025-04-16,30,32,4,1412,949,7,1,1,government
R00375,E02,2025-04-16,31,66,7,,2743,1,0,3,
R00376,E02,2025-04-16,44,33,11,2041,1701,6,1,1,manufacturing
R00377,E02,2025-04-16,26,31,4,20634,1079,6,1,1,services
R00378,E02,2025-04-16,28,56,4,,1303,9,0,1,
R00379,E02,2025-04-16,38,20,6,782,652,4,1,2,government
R00380,E02,2025-04-16,44,48,9,929,1004,1,1,4,retail
R00381,E02,2025-04-17,50,18,4,,806,7,0,2,
R00382,E02,2025-04-17,39,27,3,,877,1,0,1,
R00383,E02,2025-04-17,21,28,2,,1336,9,0,4,
R00384,E02,2025-04-17,49,48,4,,955,4,0,3,
R00385,E02,2025-04-17,,45,4,1988,1758,0,1,3,manufacturing
R00386,E02,2025-04-17,29,40,6,626,668,3,1,2,services
R00387,E02,2025-04-17,46,52,5,921,525,0,1,3,retail
R00388,E02,2025-04-17,25,51,6,,995,4,0,3,
R00389,E02,2025-04-17,28,31,8,876,,5,1,3,manufacturing
R00390,E02,2025-04-18,31,31,4,,515,5,0,4,
R00391,E02,2025-04-18,31,35,4,1633,1257,6,1,2,retail
R00392,E02,2025-04-18,39,,8,,1056,3,0,1,
R00393,E02,2025-04-18,27,20,4,,1314,6,0,2,
R00394,E02,2025-04-18,43,39,9,,2368,5,0,2,
R00395,E02,2025-04-18,25,58,4,,1099,8,1,2,retail
R00396,E02,2025-04-19,38,32,10,583,710,6,1,2,services
R00397,E02,2025-04-19,45,33,7,,2089,,0,1,
R00398,E02,2025-04-19,59,57,3,1681,1934,,1,2,manufacturing
R00399,E02,2025-04-19,44,43,6,1093,1009,2,1,2,agriculture
R00400,E02,2025-04-19,37,26,8,1138,985,3,1,1,manufacturing
R00401,E02,2025-04-19,49,42,4,2006,1778,5,1,2,retail
R00402,E02,2025-04-19,22,40,4,628,485,,1,2,services
R00403,E02,2025-04-19,37,,10,1342,944,5,1,4,retail
R00404,E02,,33,39,4,1161,996,1,1,1,government
R00405,E02,2025-04-19,22,58,7,1566,1099,4,1,3,retail
R00406,E02,2025-04-20,44,38,9,997,,4,1,4,retail
R00407,E02,2025-04-20,32,28,5,1020,996,4,1,1,retail
R00408,E02,2025-04-20,38,51,3,2715,1830,2,1,1,agriculture
R00409,E02,2025-04-20,35,43,7,,459,4,0,4,
R00410,E02,2025-04-20,34,52,5,1891,1743,5,1,1,government
R00411,E02,2025-04-20,51,47,3,,809,5,0,4,
R00412,E02,2025-04-20,,51,2,1049,964,5,1,1,services
R00413,E02,2025-04-20,43,31,4,1482,1222,5,1,1,manufacturing
R00414,E02,2025-04-21,36,47,5,985,3406,0,1,3,government
R00415,E02,2025-04-21,36,45,2,,1138,8,0,3,
R00416,E02,2025-04-21,40,36,3,,1212,3,1,4,agriculture
R00417,E02,2025-04-21,31,33,4,,786,1,0,1,
R00418,E02,2025-04-21,47,70,9,,998,,0,2,
R00419,E02,2025-04-21,32,48,3,,451,5,1,2,government
R00420,E02,2025-04-21,38,18,5,1119,1112,6,1,4,government
R00421,E02,2025-04-22,31,32,8,974,2582,9,1,1,services
R00422,E02,2025-04-22,30,56,3,976,1081,3,1,3,services
R00423,E02,2025-04-22,37,32,1,,419,3,0,4,
R00424,E02,2025-04-22,30,24,8,1545,1193,0,1,1,agriculture
R00425,E02,2025-04-22,40,47,6,801,703,2,1,3,manufacturing
R00426,E02,2025-04-22,48,59,15,1942,1743,6,1,3,agriculture
R00427,E02,2025-04-22,,22,9,1173,1214,4,1,4,agriculture
R00428,E02,2025-04-22,39,36,10,,1235,7,0,3,
R00429,E02,2025-04-22,49,48,2,,2269,5,1,2,manufacturing
R00430,E02,2025-04-22,17,31,4,,,2,1,2,agriculture
R00431,E02,2025-04-23,54,57,7,821,827,5,1,3,agriculture
R00432,E02,2025-04-23,32,36,8,,1401,5,0,2,
R00433,E02,2025-04-23,27,46,4,,1832,5,0,1,
R00434,E02,2025-04-23,43,44,8,988,,2,1,3,agriculture
R00435,E02,2025-04-23,54,48,10,714,920,2,1,3,services
R00436,E02,2025-04-23,32,20,4,1362,1129,4,1,2,manufacturing
R00437,E02,2025-04-23,40,30,4,1426,1368,2,1,4,agriculture
R00438,E02,2025-04-23,28,44,5,1971,1590,9,1,1,agriculture
R00439,E02,2025-04-23,37,51,11,,916,,0,2,
R00440,E02,2025-04-23,46,38,3,739,695,1,1,4,services
R00441,E02,2025-04-24,24,26,4,1140,1042,4,1,3,services
R00442,E02,2025-04-24,48,66,6,,889,6,0,1,
R00443,E02,2025-04-24,25,51,4,,2580,3,0,2,
R00444,E02,2025-04-24,26,31,6,1155,1096,5,1,1,agriculture
R00445,E02,2025-04-24,35,33,9,,2093,8,1,4,government
R00446,E02,2025-04-24,26,30,4,2904,1367,3,1,4,services
R00447,E02,2025-04-24,45,39,4,2352,1381,4,1,1,services
R00448,E02,2025-04-24,40,71,5,1247,1203,3,1,3,retail
R00449,E02,2025-04-24,47,50,5,1738,1436,7,1,3,agriculture
R00450,E02,2025-04-24,38,40,2,666,504,5,1,1,agriculture
R00451,E02,2025-04-25,41,36,6,1577,1425,6,1,2,manufacturing
R00452,E02,2025-04-25,41,23,5,,908,1,0,3,
R00453,E02,2025-04-25,47,56,5,485,459,5,1,1,government
R00454,E02,2025-04-25,61,62,4,,1314,2,0,2,
R00455,E02,2025-04-25,25,65,6,1078,885,3,1,2,retail
R00456,E02,2025-04-25,55,48,6,658,716,0,1,3,agriculture
R00457,E02,2025-04-25,39,36,8,811,678,3,1,1,government
R00458,E02,2025-04-25,35,37,4,1255,,6,1,1,services
R00459,E02,2025-04-25,40,53,9,1064,956,2,1,4,government
R00460,E02,2025-04-25,11,45,2,1135,937,3,1,4,agriculture
R00461,E02,2025-04-25,30,22,4,,,,0,2,
R00462,E02,2025-04-26,43,49,3,,939,7,0,4,
R00463,E02,2025-04-26,35,27,8,,1120,7,0,3,
R00464,E02,2025-04-26,34,29,9,,,6,1,1,manufacturing
R00465,E02,2025-04-26,29,55,4,,712,5,1,4,retail
R00466,E02,2025-04-26,25,43,7,1103,967,0,1,3,services
R00467,E02,2025-04-26,51,60,4,975,1020,3,1,2,agriculture
R00468,E02,2025-04-26,25,53,4,2076,1712,5,1,1,retail
R00469,E02,2025-04-26,24,21,10,833,730,4,1,3,services
R00470,E02,2025-04-26,44,42,6,,2345,,0,2,
R00471,E02,2025-04-26,,37,10,835,691,4,1,2,services
R00472,E02,2025-04-26,32,34,5,997,714,3,1,2,agriculture
R00473,E02,2025-04-27,30,43,3,825,703,6,1,4,government
R00474,E02,2025-04-27,21,41,7,,1080,5,0,4,
R00475,E02,2025-04-27,50,25,8,2684,2446,9,1,3,services
R00476,E02,2025-04-27,22,47,5,1296,1312,3,1,1,government
R00477,E02,2025-04-27,23,66,7,1220,1163,3,1,3,services
R00478,E02,2025-04-27,33,44,9,,1095,5,1,3,retail
R00479,E02,2025-04-27,24,52,8,1102,579,2,1,4,government
R00480,E02,2025-04-28,47,50,6,810,545,3,1,3,services
R00481,E02,2025-04-28,12,46,6,1294,1142,2,1,1,retail
,E02,2025-04-28,20,36,5,976,901,1,1,4,government
R00483,E02,2025-04-28,29,19,4,1330,1155,5,1,1,government
R00484,E02,2025-04-28,24,27,6,,1125,2,0,2,
R00485,E02,2025-04-28,38,22,6,1692,15428,7,1,4,retail
R00486,E02,2025-04-28,44,41,5,1071,1311,3,1,1,government
R00487,E02,2025-04-29,37,27,2,793,847,1,1,3,agriculture
R00488,E02,2025-04-29,33,27,4,2178,7334,6,1,2,agriculture
R00489,E02,2025-04-29,36,,6,1363,1463,4,1,4,government
R00490,E02,2025-04-29,34,45,5,1088,1154,3,1,2,services
R00491,E02,2025-04-29,37,59,6,1065,828,4,1,3,government
R00492,E02,2025-04-29,45,34,7,1176,1388,1,1,3,retail
R00493,E02,2025-04-29,56,30,5,672,735,1,1,3,agriculture
R00494,E02,2025-04-29,41,40,5,873,1013,2,1,4,services
R00495,E02,2025-04-29,42,40,5,951,739,2,1,2,services
R00496,E02,2025-04-29,47,50,6,708,552,4,1,2,services
R00497,E02,2025-04-30,20,51,10,,750,6,1,4,manufacturing
R00498,E02,2025-04-30,32,44,11,1655,1558,7,1,1,services
R00499,E02,2025-04-30,36,28,9,1047,,3,1,3,manufacturing
R00500,E02,,29,34,5,,1718,3,1,1,government
R00501,E02,2025-04-30,42,46,9,3028,2913,1,1,1,services
R00502,E02,2025-04-30,43,62,5,1626,1162,9,1,2,services
R00503,E02,2025-04-30,267,41,6,,1609,6,0,4,
R00504,E02,2025-04-30,36,48,4,1082,652,5,1,2,manufacturing
R00505,E02,2025-04-30,28,42,3,1059,,0,1,1,retail
R02923,E03,,39,18,7,,,7,0,1,
R04555,E03,2025-04-01,48,38,7,517,548,2,1,2,retail
R04474,E03,2025-04-01,31,30,8,,,7,1,2,manufacturing
R04817,E03,2025-04-01,4,20,7,,,3,0,2,
R03411,E03,2025-04-01,31,64,10,,,5,0,1,
R04498,E03,2025-04-01,,49,7,520,,3,1,2,government
R04357,E03,2025-04-01,25,31,4,1249,,0,1,4,manufacturing
R02487,E03,2025-04-01,32,25,6,,,2,1,3,government
R01346,E03,2025-04-01,28,22,5,,,4,0,2,
R00583,E03,2025-04-01,44,18,6,,,4,1,4,government
R00516,E03,2025-04-01,35,14,4,,953,6,0,4,
R00517,E03,2025-04-01,,34,6,,,1,1,4,manufacturing
R00518,E03,2025-04-02,24,40,2,,,,0,2,
R00519,E03,2025-04-02,40,32,7,,667,10,0,1,
R00520,E03,2025-04-02,8,55,3,1553,,,1,3,retail
R00521,E03,2025-04-02,32,53,9,,,4,0,1,
R00522,E03,2025-04-02,48,48,5,,,2,1,2,services
R00523,E03,2025-04-02,36,35,7,1774,,,1,2,government
R00524,E03,2025-04-03,32,,4,1367,,7,1,2,government
R00525,E03,,51,36,6,,,,0,1,
R00526,E03,2025-04-03,44,28,3,1279,,3,1,4,retail
R00527,E03,,31,42,12,,,3,1,4,agriculture
R00528,E03,2025-04-03,36,35,5,,,4,1,1,services
R00529,E03,2025-04-03,37,35,5,,1419,3,0,3,
R00530,E03,2025-04-03,26,18,2,,,1,0,2,
R00531,E03,2025-04-04,37,64,6,1121,,3,1,4,manufacturing
R00532,E03,2025-04-04,38,18,8,,727,4,0,4,
R00533,E03,2025-04-04,,39,11,1392,1385,,1,1,agriculture
R00534,E03,2025-04-04,,21,7,,,4,1,2,manufacturing
R00535,E03,2025-04-04,41,44,10,,,,1,4,agriculture
R00536,E03,2025-04-04,33,35,9,,,2,0,2,
R00537,E03,2025-04-04,39,,7,575,,3,1,1,manufacturing
R00538,E03,2025-04-04,30,45,4,852,,0,1,4,agriculture
R00539,E03,2025-04-04,32,42,6,,852,6,1,4,retail
R00540,E03,2025-04-04,2,28,4,,32131,2,1,2,manufacturing
R00541,E03,2025-04-04,14,30,3,,921,4,1,1,retail
R00542,E03,2025-04-04,32,45,5,,,3,1,4,manufacturing
R00543,E03,2025-04-05,27,30,3,,,,1,1,retail
R00544,E03,2025-04-05,43,,9,,,2,0,1,
R00545,E03,2025-04-05,50,54,6,,1353,,0,1,
R00546,E03,2025-04-05,36,38,6,977,,4,1,4,agriculture
R00547,E03,2025-04-05,31,19,6,,,7,1,3,services
R00548,E03,2025-04-05,43,31,7,,1993,7,0,3,
R00549,E03,2025-04-05,44,54,8,,,,0,3,
R00550,E03,2025-04-05,33,35,5,,,5,1,1,retail
R00551,E03,2025-04-05,29,45,7,,1709,4,0,3,
R00552,E03,2025-04-06,,43,3,2286,1545,3,1,3,retail
R00553,E03,2025-04-06,35,33,8,,,,1,2,government
R00554,E03,,44,47,8,,1173,,0,4,agriculture
R00555,E03,2025-04-06,26,49,4,,1052,2,1,2,agriculture
R00556,E03,2025-04-06,,37,4,,,,0,4,
R00557,E03,2025-04-06,40,40,9,,,5,1,2,agriculture
R00558,E03,2025-04-06,35,21,3,,536,4,0,1,
R00559,E03,2025-04-06,,47,6,818,,1,1,3,retail
R00560,E03,2025-04-07,30,18,5,,835,4,1,4,services
R00561,E03,2025-04-07,32,62,6,1479,,6,1,2,services
R00562,E03,2025-04-07,22,28,6,1097,934,3,1,1,services
R00563,E03,2025-04-07,,43,6,,,3,1,3,government
R00564,E03,2025-04-07,38,65,5,,863,0,0,4,
R00565,E03,2025-04-07,39,30,3,,,7,0,4,
R00566,E03,2025-04-07,25,56,8,1078,,3,1,2,government
R00567,E03,,30,55,3,537,,2,1,3,retail
R00568,E03,2025-04-07,43,18,11,1484,1157,1,1,1,government
R00569,E03,2025-04-07,,24,7,1070,,4,1,2,retail
R00570,E03,2025-04-08,41,42,3,,,2,1,1,agriculture
R00571,E03,2025-04-08,45,72,5,1946,1937,3,1,3,services
R00572,E03,2025-04-08,36,,8,1187,,6,1,4,manufacturing
R00573,E03,2025-04-08,41,50,1,1006,,5,1,3,government
R00574,E03,2025-04-08,40,41,4,,761,2,1,3,retail
R00575,E03,2025-04-08,30,37,6,,765,2,0,3,
R00576,E03,2025-04-08,50,24,9,,,,1,1,agriculture
R00577,E03,2025-04-08,,39,7,1917,,,1,4,services
R00578,E03,2025-04-08,,31,8,,2371,,1,2,agriculture
R00579,E03,2025-04-08,41,45,8,,,5,1,4,agriculture
R00580,E03,2025-04-09,35,49,3,469,344,,1,2,services
R00581,E03,2025-04-09,35,,10,,,4,1,1,retail
R00582,E03,2025-04-09,31,54,5,,,6,1,4,services
R00583,E03,2025-04-09,28,37,1,,,6,1,1,retail
R00584,E03,2025-04-09,24,25,11,,,4,1,3,government
R00585,E03,2025-04-09,49,31,6,,931,2,1,3,manufacturing
R00586,E03,2025-04-09,8,32,2,,938,,0,1,
R00587,E03,2025-04-09,30,49,3,,,4,0,4,
R00588,E03,2025-04-09,,48,5,,,,1,1,services
R00589,E03,2025-04-09,47,43,7,,1772,5,0,4,
R00590,E03,2025-04-09,329,22,4,,,2,1,3,government
R00591,E03,2025-04-09,46,58,3,1814,1164,5,1,2,agriculture
R00592,E03,2025-04-10,40,26,9,,,1,1,4,agriculture
R00593,E03,2025-04-10,23,34,6,,,7,0,3,
R00594,E03,2025-04-10,25,29,7,,,5,1,1,retail
R00595,E03,2025-04-10,0,51,3,1166,1135,5,1,3,manufacturing
R00596,E03,2025-04-10,43,39,4,,,1,0,2,
R00597,E03,2025-04-10,42,19,3,,,,0,2,
R00598,E03,2025-04-10,27,49,2,,,,1,2,manufacturing
R00599,E03,2025-04-10,32,70,9,,,10,1,4,agriculture
R00600,E03,2025-04-10,42,58,5,,,,1,3,government
R00601,E03,2025-04-10,35,39,3,,1323,,0,2,
R00602,E03,2025-04-10,35,31,4,,,4,1,1,agriculture
R00603,E03,2025-04-10,40,31,7,,,7,1,4,retail
R00604,E03,2025-04-10,31,32,2,,1173,0,1,4,retail
R00605,E03,2025-04-10,64,39,5,,,9,1,3,agriculture
R00606,E03,2025-04-10,24,59,4,1621,,,1,3,manufacturing
R00607,E03,2025-04-10,43,52,2,,,6,0,2,
R00608,E03,2025-04-10,42,52,5,1153,,,0,2,
R00609,E03,2025-04-10,44,51,8,,,,1,1,agriculture
R00610,E03,2025-04-11,34,18,9,,27899,2,1,3,manufacturing
R00611,E03,2025-04-11,56,55,9,,778,,1,2,services
R00612,E03,2025-04-11,34,45,4,,482,4,0,3,
R00613,E03,2025-04-11,44,54,5,,1270,7,0,3,
R00614,E03,2025-04-11,38,,8,,511,4,1,3,manufacturing
R00615,E03,2025-04-11,53,36,7,1005,970,4,1,1,retail
R00616,E03,2025-04-11,32,18,7,30865,1074,3,1,2,manufacturing
R00617,E03,2025-04-11,43,32,2,1260,,3,1,3,retail
,E03,2025-04-12,41,32,6,,1008,3,1,1,agriculture
R00619,E03,2025-04-12,31,76,4,,,3,1,3,manufacturing
R00620,E03,2025-04-12,27,35,2,,,3,0,4,
R00621,E03,2025-04-12,32,63,3,973,,2,1,1,government
R00622,E03,2025-04-12,37,35,6,,,,0,3,
,E03,2025-04-12,36,26,7,,,2,1,3,government
R00624,E03,2025-04-12,20,36,5,,839,6,1,4,services
R00625,E03,2025-04-12,22,38,8,547,,,1,1,manufacturing
R00626,E03,2025-04-12,31,,4,,576,3,1,4,government
R00627,E03,2025-04-12,28,18,3,,918,5,1,2,services
R00628,E03,2025-04-12,43,40,6,,,3,0,3,
R00629,E03,2025-04-13,38,,3,,1009,1,0,3,
R00630,E03,2025-04-13,45,21,8,,717,1,0,2,
R00631,E03,2025-04-13,57,52,4,,,3,0,1,
R00632,E03,2025-04-13,43,29,7,1087,984,4,1,4,agriculture
R00633,E03,2025-04-13,33,37,6,1255,,5,1,2,manufacturing
R00634,E03,2025-04-13,32,60,6,,,,1,3,government
R00635,E03,2025-04-13,36,33,4,,,4,0,4,
R00636,E03,2025-04-14,,28,5,,,,1,2,services
R00637,E03,2025-04-14,189,35,8,,734,,0,3,
R00638,E03,2025-04-14,51,21,5,,,,1,2,government
R00639,E03,2025-04-14,36,18,7,,,4,0,4,
R00640,E03,2025-04-14,29,33,4,1501,,,1,3,government
R00641,E03,2025-04-14,47,30,3,,,3,1,4,retail
R00642,E03,2025-04-14,58,30,4,935,,1,1,2,manufacturing
R00643,E03,2025-04-14,44,35,5,,1826,,1,1,agriculture
R00644,E03,2025-04-14,5,14,4,971,,2,1,4,services
R00645,E03,2025-04-14,43,29,5,,,8,1,1,government
R00646,E03,2025-04-14,39,66,5,,,4,1,3,services
R00647,E03,2025-04-15,47,48,6,,,9,0,3,
R00648,E03,2025-04-15,51,29,8,,,,1,1,retail
R00649,E03,2025-04-15,42,59,5,1970,,4,1,3,retail
R00650,E03,2025-04-15,24,55,3,1648,1117,6,1,4,retail
R00651,E03,2025-04-15,48,42,10,961,,,1,3,retail
R00652,E03,2025-04-15,45,56,8,1304,1170,,1,1,manufacturing
R00653,E03,2025-04-15,37,34,1,1381,,,0,4,
R00654,E03,2025-04-15,-1,18,2,,644,2,1,3,retail
R00655,E03,2025-04-15,50,26,10,,,5,0,2,
R00656,E03,2025-04-15,32,18,7,,,,1,4,retail
R00657,E03,2025-04-16,,50,7,,922,2,1,1,manufacturing
R00658,E03,2025-04-16,37,42,7,,621,,0,4,
R00659,E03,2025-04-16,,29,5,1159,,2,1,2,retail
R00660,E03,2025-04-16,39,23,9,,,4,0,2,
R00661,E03,2025-04-16,28,27,4,,,,1,3,manufacturing
R00662,E03,2025-04-16,23,31,2,1204,1217,,1,3,retail
R00663,E03,2025-04-16,31,35,2,3053,,,1,4,retail
R00664,E03,2025-04-16,36,18,3,,,4,1,1,services
R00665,E03,2025-04-16,39,18,6,,,6,1,1,government
R00666,E03,2025-04-16,16,37,8,617,,,1,1,retail
R00667,E03,2025-04-16,24,39,3,,739,5,1,2,agriculture
R00668,E03,2025-04-16,,34,2,807,,3,1,2,retail
R00669,E03,2025-04-16,40,31,9,,859,,1,4,manufacturing
R00670,E03,2025-04-17,,28,2,,699,5,0,2,
R00671,E03,2025-04-17,33,26,3,958,,6,1,1,manufacturing
R00672,E03,2025-04-17,23,44,2,,498,6,1,3,government
R00673,E03,2025-04-17,38,25,7,,765,1,1,2,government
R00674,E03,2025-04-17,33,33,10,,,5,1,4,agriculture
R00675,E03,2025-04-17,33,36,3,,1108,,0,2,
R00676,E03,2025-04-17,37,49,6,1975,2430,2,1,4,retail
R00677,E03,2025-04-17,235,20,6,3851,,9,1,2,government
R00678,E03,2025-04-18,37,49,3,,,4,0,3,
R00679,E03,2025-04-18,50,21,6,1143,,3,1,3,retail
R00680,E03,2025-04-18,32,39,6,,,,1,2,services
R00681,E03,2025-04-18,42,42,8,,,,1,2,services
R00682,E03,2025-04-18,39,50,7,,,,0,2,
R00683,E03,2025-04-18,45,40,3,,2055,5,1,4,services
R00684,E03,2025-04-18,32,29,5,,,6,1,3,services
R00685,E03,2025-04-18,17,43,2,,958,1,1,4,government
R00686,E03,2025-04-18,38,39,11,,822,1,0,2,
R00687,E03,2025-04-18,29,18,9,,,,1,3,agriculture
R00688,E03,2025-04-18,45,18,3,,,1,1,4,services
R00689,E03,2025-04-18,,18,8,,1344,,0,2,
R00690,E03,2025-04-19,27,29,4,,,3,1,3,retail
R00691,E03,2025-04-19,45,49,8,,,4,1,2,agriculture
R00692,E03,2025-04-19,44,,5,,,,1,2,manufacturing
R00693,E03,2025-04-19,23,54,7,,,3,1,2,manufacturing
R00694,E03,2025-04-19,50,38,3,1014,,1,1,4,services
R00695,E03,2025-04-19,38,26,7,,,,0,1,
R00696,E03,2025-04-19,29,41,3,1679,,5,1,2,agriculture
R00697,E03,2025-04-19,37,29,5,,1091,4,0,2,
R00698,E03,2025-04-19,23,63,3,,1347,6,1,4,government
R00699,E03,2025-04-19,31,27,3,988,,5,1,3,services
R00700,E03,2025-04-19,34,41,8,1605,,,1,1,agriculture
R00701,E03,2025-04-19,36,39,7,964,1110,5,1,2,retail
R00702,E03,2025-04-19,53,55,8,,,1,0,1,services
R00703,E03,2025-04-19,25,38,6,,,5,0,2,
R00704,E03,2025-04-19,24,55,7,,,34,1,2,agriculture
R00705,E03,2025-04-20,34,27,5,,1406,,0,4,
R00706,E03,2025-04-20,37,50,2,,,4,0,2,
R00707,E03,2025-04-20,44,18,4,,,4,0,3,
R00708,E03,2025-04-20,47,52,5,,,,0,1,
R00709,E03,2025-04-20,43,27,7,,1449,,1,1,services
R00710,E03,2025-04-20,27,48,4,,,5,1,4,manufacturing
R00711,E03,2025-04-20,28,41,7,2913,,3,0,4,
R00712,E03,2025-04-20,47,25,10,1700,1123,2,1,1,services
R00713,E03,2025-04-20,41,36,8,,,5,1,4,services
R00714,E03,2025-04-20,,34,3,,1000,3,0,1,
R00715,E03,2025-04-20,40,42,9,,,6,0,3,
R00716,E03,2025-04-21,,46,4,,1875,4,1,2,manufacturing
R00717,E03,2025-04-21,40,51,4,,,1,1,4,government
R00718,E03,2025-04-21,34,,8,930,,2,1,1,government
R00719,E03,2025-04-21,41,47,5,,551,3,1,2,manufacturing
R00720,E03,2025-04-21,45,37,4,,,6,1,2,agriculture
R00721,E03,2025-04-21,31,17,7,,2069,8,1,2,government
R00722,E03,2025-04-21,44,39,2,,1321,,0,3,
R00723,E03,2025-04-21,38,32,4,1815,,,1,1,services
R00724,E03,2025-04-21,41,,5,1026,,5,1,2,agriculture
R00725,E03,2025-04-21,18,39,7,,491,,1,4,services
R00726,E03,2025-04-21,46,28,8,,1000,3,1,3,agriculture
R00727,E03,2025-04-22,47,46,5,,575,,1,3,services
R00728,E03,2025-04-22,50,27,4,,812,0,1,2,manufacturing
R00729,E03,2025-04-22,26,40,6,,,5,1,4,retail
R00730,E03,2025-04-22,,27,3,,,5,1,4,retail
R00731,E03,2025-04-22,31,40,7,,1396,,0,2,
R00732,E03,2025-04-22,29,58,2,,982,1,0,1,
R00733,E03,2025-04-22,1,67,9,860,,3,1,3,agriculture
R00734,E03,2025-04-22,36,36,8,,,2,0,1,
R00735,E03,2025-04-23,30,47,9,1458,,5,1,2,retail
R00736,E03,2025-04-23,227,52,2,1703,1119,,1,2,services
R00737,E03,2025-04-23,38,33,4,,,,0,4,
R00738,E03,2025-04-23,33,45,2,458,,5,1,2,retail
R00739,E03,2025-04-23,41,45,5,1132,,5,1,4,agriculture
R00740,E03,2025-04-23,31,38,9,1608,,5,1,4,government
R00741,E03,2025-04-23,29,58,5,,835,,1,4,services
R00742,E03,2025-04-23,21,49,4,,592,3,0,4,
R00743,E03,2025-04-23,5,36,4,,,3,1,1,manufacturing
R00744,E03,2025-04-23,42,49,4,,,7,1,1,government
R00745,E03,2025-04-23,36,50,3,,,7,1,1,retail
R00746,E03,2025-04-23,38,27,3,,,2,0,1,
R00747,E03,2025-04-23,40,61,7,,954,4,0,4,
R00748,E03,2025-04-24,5,18,4,,,2,1,4,manufacturing
R00749,E03,2025-04-24,46,67,5,,1165,5,0,4,
R00750,E03,2025-04-24,26,37,5,2253,,5,1,4,government
R00751,E03,2025-04-24,55,25,7,,,4,0,4,
R00752,E03,2025-04-24,27,27,5,,885,,1,2,services
R00753,E03,2025-04-24,30,,7,,1538,4,1,4,retail
R00754,E03,2025-04-24,34,50,5,,,5,1,2,agriculture
R00755,E03,2025-04-24,39,38,8,,1393,5,0,3,
R00756,E03,2025-04-25,,19,7,948,,,1,4,retail
R00757,E03,2025-04-25,46,59,4,,,2,1,2,manufacturing
R00758,E03,2025-04-25,35,32,5,,,,1,2,services
R00759,E03,2025-04-25,29,46,9,1020,,4,1,1,agriculture
R00760,E03,2025-04-25,35,43,3,,,1,0,4,
R00761,E03,2025-04-25,39,47,6,651,,2,1,1,manufacturing
R00762,E03,2025-04-26,28,68,4,,,,1,1,retail
R00763,E03,2025-04-26,37,,3,2003,,7,1,1,manufacturing
R00764,E03,2025-04-26,36,34,4,,736,7,0,4,
R00765,E03,2025-04-26,30,18,6,1708,,,1,2,agriculture
R00766,E03,,40,63,7,,,,1,3,manufacturing
R00767,E03,2025-04-26,29,56,4,,983,3,0,3,
,E03,2025-04-26,44,44,7,,,5,1,3,manufacturing
R00769,E03,2025-04-26,35,19,6,,,5,1,2,retail
R00770,E03,2025-04-26,28,44,4,941,,,1,3,services
R00771,E03,2025-04-26,22,,4,,2599,5,1,2,government
R00772,E03,2025-04-26,39,28,9,,,9,1,1,services
R00773,E03,2025-04-26,20,47,2,,,5,0,4,
R00774,E03,2025-04-26,39,31,8,,,0,0,3,
R00775,E03,2025-04-27,47,,7,1354,905,6,1,4,manufacturing
R00776,E03,2025-04-27,19,35,4,,1136,4,1,2,retail
R00777,E03,2025-04-27,25,41,2,348,379,,1,2,services
R00778,E03,2025-04-27,48,33,5,608,,6,0,2,
R00779,E03,2025-04-27,29,59,6,,,3,0,1,
R00780,E03,2025-04-27,40,31,4,,,,1,4,retail
R00781,E03,2025-04-27,55,50,8,885,,0,1,4,manufacturing
R00782,E03,2025-04-27,23,20,4,,,1,1,3,agriculture
R00783,E03,2025-04-27,32,35,8,,2256,7,0,3,
R00784,E03,2025-04-27,41,57,9,,712,1,1,2,agriculture
R00785,E03,2025-04-27,20,25,9,,,4,1,1,agriculture
R00786,E03,2025-04-27,37,50,2,,,3,1,2,government
R00787,E03,2025-04-27,25,18,6,,,,1,3,services
R00788,E03,2025-04-27,22,43,7,,,3,0,1,
R00789,E03,2025-04-27,32,53,5,,,,1,2,agriculture
R00790,E03,2025-04-27,21,40,5,,,7,0,4,
R00791,E03,2025-04-28,,58,5,,,3,0,2,
R00792,E03,2025-04-28,36,,7,881,940,4,1,2,retail
R00793,E03,2025-04-28,12,45,4,1492,,1,1,3,government
R00794,E03,2025-04-28,34,50,11,646,,2,1,3,services
R00795,E03,2025-04-28,37,47,4,,,5,1,4,government
R00796,E03,2025-04-28,,38,5,1454,1077,4,1,4,services
R00797,E03,2025-04-28,39,54,2,,325,2,0,3,
R00798,E03,2025-04-28,44,63,8,,,2,1,1,retail
R00799,E03,2025-04-28,40,67,3,,1028,4,0,2,
R00800,E03,2025-04-28,33,37,3,,,5,1,4,services
R00801,E03,2025-04-28,55,34,7,,816,2,1,3,manufacturing
R00802,E03,2025-04-29,3,36,7,2274,,5,1,2,government
R00803,E03,2025-04-29,34,39,9,,,5,1,3,services
R00804,E03,2025-04-29,45,21,11,,801,2,0,4,
R00805,E03,2025-04-29,2,38,4,,1964,,0,4,
R00806,E03,2025-04-29,48,34,9,923,,4,1,3,manufacturing
R00807,E03,2025-04-29,27,44,3,,,3,1,4,manufacturing
R00808,E03,2025-04-29,33,34,4,,,2,0,1,
R00809,E03,2025-04-29,38,48,5,,794,3,1,1,agriculture
R00810,E03,2025-04-29,10,32,6,,,6,0,4,
R00811,E03,2025-04-29,2,18,3,,,4,1,2,agriculture
R00812,E03,2025-04-29,,45,7,,1714,5,0,1,
R00813,E03,2025-04-30,25,40,6,,1483,2,1,4,services
R00814,E03,2025-04-30,42,42,3,491,,,1,4,government
R00815,E03,2025-04-30,14,45,8,1016,,4,1,4,agriculture
R00816,E03,2025-04-30,40,58,9,,2155,3,1,3,retail
R00817,E03,2025-04-30,36,37,6,,,5,0,1,
R00818,E03,2025-04-30,52,40,10,,1097,4,1,4,manufacturing
R00819,E03,2025-04-30,43,47,8,,,2,1,1,retail
R00820,E03,2025-04-30,45,39,5,,,,1,2,retail
R00821,E04,2025-04-01,41,43,4,1436,1258,4,1,3,services
R00822,E04,2025-04-02,28,30,8,,948,4,0,1,
R00823,E04,2025-04-02,42,64,3,2592,3026,5,1,4,government
R00824,E04,2025-04-02,28,26,5,1203,,2,1,2,services
R00825,E04,2025-04-02,33,47,3,1879,1892,,1,1,agriculture
R00826,E04,2025-04-02,30,23,5,1698,1301,5,1,4,government
R00827,E04,2025-04-02,29,36,3,1677,1394,6,1,1,agriculture
R00828,E04,2025-04-02,24,46,3,,646,6,0,1,
R00829,E04,2025-04-03,39,22,6,,1229,1,1,4,services
R00830,E04,2025-04-03,43,20,9,1431,1069,,1,1,retail
R00831,E04,2025-04-03,34,27,4,,1092,8,0,2,
R00832,E04,2025-04-03,43,22,4,1362,1209,5,1,4,services
R00833,E04,2025-04-03,27,42,10,1473,1688,4,1,1,services
R00834,E04,2025-04-03,43,45,4,,,3,0,1,
R00835,E04,2025-04-04,21,22,7,,2655,4,1,3,agriculture
R00836,E04,2025-04-04,35,57,4,,1001,8,0,2,
R00837,E04,2025-04-04,40,34,4,,1396,4,0,4,
R00838,E04,2025-04-04,41,51,4,,775,2,0,3,
R00839,E04,2025-04-04,11,42,4,1268,1232,0,1,2,retail
R00840,E04,2025-04-04,,31,8,,1560,3,0,4,
R00841,E04,2025-04-04,30,53,8,1818,1848,2,1,3,government
R00842,E04,2025-04-05,39,27,8,,1770,5,0,2,
R00843,E04,2025-04-05,19,33,2,,684,2,0,1,
R00844,E04,2025-04-05,33,32,7,970,931,3,1,3,agriculture
R00845,E04,2025-04-05,34,38,9,2071,1727,4,1,2,agriculture
R00846,E04,2025-04-05,30,49,6,1923,1844,7,1,4,services
R00847,E04,2025-04-05,36,29,8,1005,1145,5,1,3,government
R00848,E04,2025-04-05,38,34,8,1441,1718,6,1,3,retail
R00849,E04,2025-04-05,19,40,5,,553,1,0,4,
R00850,E04,2025-04-05,,21,6,1035,970,3,1,4,agriculture
R00851,E04,2025-04-05,35,53,4,,889,2,0,3,
R00852,E04,2025-04-05,32,56,3,,1141,1,0,1,
R00853,E04,2025-04-05,19,22,4,916,815,1,1,2,government
R00854,E04,2025-04-05,49,54,5,,821,4,0,2,
R00855,E04,2025-04-06,38,33,6,,674,6,0,3,
R00856,E04,2025-04-06,52,20,4,955,979,5,1,1,agriculture
R00857,E04,2025-04-06,41,37,4,,1201,5,0,4,
R00858,E04,2025-04-06,41,36,10,2033,1679,,1,3,agriculture
R00859,E04,2025-04-06,29,34,4,2032,1432,6,1,2,government
R00860,E04,2025-04-06,29,29,7,1781,1523,6,1,4,agriculture
R00861,E04,2025-04-06,33,32,7,553,475,1,1,3,retail
R00862,E04,2025-04-07,24,32,4,1121,935,3,1,3,government
R00863,E04,2025-04-07,32,39,2,687,678,4,1,4,government
R00864,E04,2025-04-07,49,41,9,,1234,5,0,2,
R00865,E04,2025-04-07,23,36,5,591,536,3,1,2,government
R00866,E04,2025-04-07,45,70,8,835,778,7,1,3,services
R00867,E04,2025-04-07,23,57,4,2086,2101,6,1,2,agriculture
R00868,E04,2025-04-07,40,32,11,2069,1717,6,1,3,government
R00869,E04,2025-04-07,36,53,6,1642,1526,3,1,1,services
R00870,E04,2025-04-07,38,28,9,1361,1469,6,1,2,government
R00871,E04,2025-04-08,45,33,5,,,,1,2,government
R00872,E04,2025-04-08,38,39,8,1377,1040,3,1,3,agriculture
R00873,E04,2025-04-08,30,24,3,,1141,7,0,3,
R00874,E04,2025-04-08,22,49,7,,887,1,0,4,
R00875,E04,2025-04-08,49,66,9,,916,7,0,3,
R00876,E04,2025-04-08,34,39,9,1179,1028,,1,4,retail
R00877,E04,2025-04-08,44,20,4,1743,1122,5,1,3,retail
R00878,E04,2025-04-08,40,18,5,,,5,0,2,services
R00879,E04,2025-04-08,38,43,2,1167,1229,0,1,2,government
R00880,E04,2025-04-08,38,47,5,,770,4,0,3,
R00881,E04,2025-04-09,46,50,7,,979,5,0,4,
R00882,E04,2025-04-09,39,48,3,,1226,2,0,2,
R00883,E04,2025-04-09,38,33,3,1029,894,7,1,3,government
R00884,E04,2025-04-09,26,34,9,,2165,6,1,2,retail
R00885,E04,2025-04-09,36,20,4,,860,2,0,2,
R00886,E04,2025-04-09,38,27,6,1109,1091,4,1,1,government
R00887,E04,2025-04-09,30,18,3,,478,4,0,2,
R00888,E04,2025-04-09,34,40,5,683,,4,1,3,agriculture
R00889,E04,2025-04-09,24,24,2,,1144,5,0,4,
R00890,E04,2025-04-09,24,50,5,825,655,4,1,2,services
R00891,E04,2025-04-10,24,47,2,671,520,5,1,2,government
R00892,E04,2025-04-10,19,28,9,,2872,6,0,1,
R00893,E04,2025-04-10,35,58,8,680,592,6,1,4,retail
R00894,E04,2025-04-10,41,33,6,717,646,2,1,4,retail
R00895,E04,2025-04-10,40,32,4,1788,,5,1,3,retail
R00896,E04,2025-04-10,50,37,9,922,949,5,1,1,agriculture
R00897,E04,2025-04-10,34,31,4,,534,5,0,3,
R00898,E04,2025-04-10,36,29,6,2827,2393,7,1,1,retail
R00899,E04,2025-04-10,34,21,8,,527,4,0,4,
R00900,E04,2025-04-10,32,46,4,,1532,6,0,3,
R00901,E04,2025-04-10,44,20,4,,1358,4,0,4,
R00902,E04,2025-04-10,8,41,1,1011,2945,2,1,1,services
R00903,E04,2025-04-10,41,38,10,785,899,4,1,2,government
R00904,E04,2025-04-11,44,33,5,909,846,5,1,4,retail
R00905,E04,2025-04-11,29,45,6,1020,3873,5,1,2,services
R00906,E04,2025-04-11,43,45,7,,1028,6,0,4,
R00907,E04,2025-04-11,40,50,9,1171,1002,2,1,4,agriculture
R00908,E04,2025-04-11,44,21,3,1034,828,4,1,2,services
R00909,E04,2025-04-11,33,32,9,1617,1690,5,1,4,manufacturing
R00910,E04,2025-04-12,47,55,5,928,894,1,1,3,government
R00911,E04,2025-04-12,28,45,5,1002,925,5,1,4,services
R00912,E04,2025-04-12,40,,6,23629,1252,0,1,1,agriculture
R00913,E04,2025-04-12,31,33,8,880,863,4,1,3,agriculture
R00914,E04,2025-04-12,34,18,10,2917,2815,7,1,2,manufacturing
R00915,E04,2025-04-12,28,49,9,1038,840,2,1,2,services
R00916,E04,2025-04-12,31,58,2,827,660,3,1,4,manufacturing
R00917,E04,2025-04-12,34,18,4,,485,1,0,2,
R00918,E04,2025-04-12,40,34,7,1869,,8,1,4,government
R00919,E04,2025-04-12,31,22,6,1048,586,0,1,2,government
R00920,E04,2025-04-13,36,39,11,1520,1754,8,1,4,agriculture
R00921,E04,2025-04-13,32,55,2,,,6,0,2,
R00922,E04,2025-04-13,35,33,7,1590,1558,5,1,1,retail
R00923,E04,2025-04-13,28,32,7,410,584,1,1,2,services
R00924,E04,2025-04-13,32,39,2,902,531,4,1,4,agriculture
R00925,E04,2025-04-13,,27,8,,1399,6,1,4,retail
R00926,E04,2025-04-14,14,43,4,,999,6,0,3,
R00927,E04,2025-04-14,31,,5,1153,1049,7,1,4,retail
R00928,E04,2025-04-14,37,42,3,,1066,4,1,3,government
R00929,E04,2025-04-14,34,19,4,1129,1076,3,1,3,retail
R00930,E04,2025-04-14,26,36,6,1073,814,5,1,2,services
R00931,E04,2025-04-14,30,53,5,879,997,7,1,3,agriculture
R00932,E04,2025-04-15,34,18,5,1041,881,5,1,2,retail
R00933,E04,2025-04-15,42,28,4,2426,2358,6,1,2,retail
R00934,E04,2025-04-15,56,25,9,1030,865,6,1,2,government
R00935,E04,2025-04-15,39,53,4,1641,1186,6,1,2,retail
R00936,E04,2025-04-15,47,26,6,1784,1366,5,1,3,manufacturing
R00937,E04,2025-04-15,34,30,11,623,690,2,1,4,retail
R00938,E04,2025-04-15,38,45,5,2322,2262,5,1,3,agriculture
R00939,E04,2025-04-16,45,26,6,,939,4,1,2,government
R00940,E04,2025-04-16,54,54,8,,294,0,0,4,
R00941,E04,2025-04-16,50,55,5,979,924,5,1,4,government
R00942,E04,2025-04-16,35,44,7,,,,0,4,
R00943,E04,2025-04-16,31,38,10,1603,814,1,1,1,retail
R00944,E04,2025-04-16,40,45,1,,16462,3,1,2,services
R00945,E04,2025-04-16,36,45,4,366,439,2,1,2,retail
R00946,E04,2025-04-16,41,37,9,1129,1191,3,1,4,retail
R00947,E04,2025-04-16,,34,2,,1265,5,0,4,
R00948,E04,2025-04-16,47,15,9,852,,4,1,1,retail
R00949,E04,2025-04-17,39,31,4,2258,1564,3,1,3,retail
R00950,E04,2025-04-17,45,35,9,,1312,4,0,1,
R00951,E04,2025-04-17,47,53,8,,537,2,0,4,
R00952,E04,2025-04-17,31,35,4,1598,1367,5,1,4,agriculture
R00953,E04,2025-04-17,23,40,2,,1892,3,0,2,
,E04,2025-04-17,21,55,5,23092,1123,0,1,1,government
R00955,E04,2025-04-17,37,24,7,1668,1605,4,1,1,government
R00956,E04,2025-04-18,33,33,6,,1363,5,0,1,
R00957,E04,2025-04-18,28,41,6,1402,884,3,0,2,
R00958,E04,2025-04-18,37,34,7,639,577,4,1,3,retail
R00959,E04,2025-04-18,43,43,7,713,709,2,1,2,retail
R00960,E04,2025-04-18,37,50,8,1483,1250,3,1,2,manufacturing
R00961,E04,2025-04-18,37,45,6,,575,2,0,3,
R00962,E04,2025-04-18,37,47,8,1176,737,4,1,2,services
R00963,E04,2025-04-18,32,54,2,,831,5,0,3,
R00964,E04,2025-04-18,31,25,3,861,572,7,1,3,retail
R00965,E04,2025-04-18,38,40,6,,875,6,0,1,
R00966,E04,2025-04-19,38,27,4,1755,871,5,1,4,agriculture
R00967,E04,2025-04-19,37,45,4,,718,4,0,2,
R00968,E04,2025-04-19,41,37,9,,1138,5,0,2,
R00969,E04,2025-04-19,34,,6,861,795,2,1,3,manufacturing
R00970,E04,2025-04-19,28,50,4,,,,0,4,
R00971,E04,2025-04-19,46,21,6,,925,2,1,3,government
R00972,E04,2025-04-20,25,43,5,929,607,3,1,1,agriculture
R00973,E04,2025-04-20,38,40,4,,828,1,1,3,services
R00974,E04,2025-04-20,45,53,3,825,730,3,1,4,services
R00975,E04,2025-04-20,37,34,7,1009,770,4,1,1,government
R00976,E04,2025-04-21,40,33,3,4497,3859,4,1,3,agriculture
R00977,E04,2025-04-21,25,48,4,,878,5,0,4,
R00978,E04,2025-04-22,41,39,6,640,867,3,1,4,manufacturing
R00979,E04,2025-04-22,35,21,4,2233,1430,5,1,3,services
R00980,E04,2025-04-22,29,18,3,999,,1,1,2,retail
R00981,E04,2025-04-22,29,18,5,,1606,2,0,3,
R00982,E04,2025-04-22,40,36,5,,876,4,0,1,
R00983,E04,2025-04-22,46,27,8,,854,6,1,4,agriculture
R00984,E04,2025-04-22,26,54,7,1036,1018,2,1,2,government
R00985,E04,2025-04-23,27,24,7,899,846,1,1,4,manufacturing
R00986,E04,2025-04-23,42,40,11,,655,8,0,2,
R00987,E04,2025-04-23,32,35,7,,,3,0,3,
R00988,E04,2025-04-23,27,51,4,692,497,3,1,3,agriculture
R00989,E04,2025-04-23,29,32,6,917,2610,5,1,3,agriculture
R00990,E04,2025-04-23,32,18,5,1249,1063,1,1,2,agriculture
R00991,E04,2025-04-23,51,47,8,1954,1328,5,1,3,manufacturing
R00992,E04,,19,23,4,2979,2562,6,1,1,agriculture
R00993,E04,2025-04-23,36,47,3,1533,1444,4,1,4,agriculture
R00994,E04,2025-04-23,22,43,5,,586,7,1,2,retail
R00995,E04,2025-04-23,47,24,6,1334,860,10,1,1,agriculture
R00996,E04,2025-04-24,42,68,7,,1185,3,1,1,government
R00997,E04,2025-04-24,38,34,6,527,708,3,1,4,agriculture
R00998,E04,2025-04-24,45,50,9,1149,1055,4,1,1,agriculture
R00999,E04,2025-04-24,60,,2,1189,1005,4,1,3,services
R01000,E04,2025-04-24,,31,7,1998,1389,4,1,2,manufacturing
R01001,E04,,40,46,3,1174,1063,0,1,1,retail
R01002,E04,2025-04-24,,63,2,1646,1377,3,1,4,services
R01003,E04,2025-04-24,38,41,4,,820,,0,2,
R01004,E04,2025-04-24,38,33,4,,708,3,0,4,
R01005,E04,2025-04-24,44,50,11,,1701,3,0,1,
R01006,E04,2025-04-24,35,34,2,,490,6,0,2,
R01007,E04,2025-04-24,26,39,5,,2237,2,0,4,
R01008,E04,2025-04-24,41,49,6,1297,,3,1,4,services
R01009,E04,2025-04-25,42,52,5,,922,8,0,2,
R01010,E04,2025-04-25,33,28,9,2022,,,1,1,manufacturing
R01011,E04,2025-04-25,25,24,4,4180,,10,1,3,agriculture
R01012,E04,2025-04-25,57,54,8,,867,4,0,3,
R01013,E04,2025-04-25,45,38,4,696,683,0,1,2,government
R01014,E04,2025-04-25,39,45,3,478,561,0,1,1,manufacturing
R01015,E04,2025-04-25,48,28,3,,2567,6,1,1,manufacturing
R01016,E04,2025-04-25,35,30,6,2291,1863,8,1,1,retail
R01017,E04,2025-04-26,36,54,5,,1291,3,0,1,
R01018,E04,2025-04-26,30,18,7,,5535,0,0,3,
R01019,E04,2025-04-26,39,43,7,848,836,4,1,4,services
R01020,E04,2025-04-26,37,50,3,1520,1187,8,1,2,government
R01021,E04,2025-04-26,43,45,7,,667,0,0,1,
R01022,E04,2025-04-26,36,31,6,1488,1009,6,1,1,agriculture
R01023,E04,2025-04-26,35,27,6,1469,1114,5,1,1,agriculture
R01024,E04,2025-04-26,33,31,3,,642,4,0,4,
R01025,E04,2025-04-27,30,26,6,675,454,1,1,4,government
R01026,E04,2025-04-27,55,36,3,,953,0,0,1,
R01027,E04,2025-04-27,41,40,11,369,378,2,1,2,services
R01028,E04,2025-04-27,44,59,5,1028,951,6,1,1,retail
R01029,E04,2025-04-27,36,30,5,,,6,0,2,
R01030,E04,2025-04-27,33,23,10,1020,880,1,1,4,retail
R01031,E04,2025-04-27,36,21,2,1761,,5,1,1,services
R01032,E04,2025-04-27,39,39,7,1103,1039,2,1,2,agriculture
R01033,E04,2025-04-27,42,33,5,1120,714,3,1,4,agriculture
R01034,E04,2025-04-27,35,40,7,2198,1643,5,1,1,services
R01035,E04,2025-04-28,14,46,8,863,865,3,1,2,agriculture
R01036,E04,2025-04-28,38,18,4,1527,1184,,1,2,agriculture
R01037,E04,2025-04-28,45,32,6,1186,1427,6,1,3,retail
R01038,E04,2025-04-28,33,49,4,922,651,1,1,3,manufacturing
R01039,E04,2025-04-28,42,40,6,699,790,1,1,3,agriculture
R01040,E04,2025-04-28,43,,2,,769,6,0,1,
R01041,E04,2025-04-28,45,32,4,16076,2171,0,1,4,services
R01042,E04,2025-04-28,43,29,6,1437,1069,0,1,3,retail
R01043,E04,2025-04-28,45,42,8,1865,1581,4,1,4,government
R01044,E04,2025-04-28,49,26,7,1940,1704,6,1,1,government
R01045,E04,2025-04-28,35,19,3,,,7,0,2,
R01046,E04,2025-04-29,37,32,7,1117,766,6,1,3,agriculture
R01047,E04,2025-04-29,22,42,4,,688,5,0,1,
R01048,E04,2025-04-29,33,26,7,1288,1108,2,1,1,agriculture
R01049,E04,2025-04-29,49,22,5,,,3,0,1,
R01050,E04,2025-04-29,38,51,5,,2317,9,1,4,services
R01051,E04,2025-04-29,36,34,3,786,777,4,1,2,manufacturing
R01052,E04,2025-04-29,29,54,5,,956,6,0,1,
R01053,E04,2025-04-29,33,44,7,888,568,,1,4,manufacturing
R01054,E04,2025-04-29,39,26,4,,1612,1,1,4,services
R01055,E04,2025-04-29,55,50,7,468,538,,1,1,retail
R01056,E04,2025-04-29,34,43,8,1062,786,6,1,1,manufacturing
R01057,E04,2025-04-30,23,46,10,805,780,2,1,1,government
R01058,E04,2025-04-30,43,46,10,2313,1629,1,1,4,services
R01059,E04,2025-04-30,29,32,4,,1110,5,0,3,
R01060,E04,2025-04-30,39,41,3,644,457,3,1,4,agriculture
R01061,E04,2025-04-30,28,45,7,558,465,3,1,3,retail
R01062,E04,2025-04-30,44,57,2,,360,0,0,2,
R01063,E04,2025-04-30,,36,11,1580,1776,5,1,4,manufacturing
R01064,E04,2025-04-30,31,68,5,,1123,6,0,2,
R01065,E04,2025-04-30,35,38,9,1601,1530,8,1,4,agriculture
R03207,E05,2025-04-01,33,36,6,,931,10,1,3,agriculture
R01011,E05,2025-04-01,60,39,5,,1180,4,0,1,
R01107,E05,2025-04-01,24,50,6,,615,3,0,4,
R01069,E05,2025-04-01,25,18,3,,869,4,0,3,
R01070,E05,2025-04-01,44,27,6,1216,913,4,1,2,government
R01071,E05,2025-04-02,30,37,2,1242,625,5,1,1,manufacturing
R01072,E05,2025-04-02,34,44,4,,1601,,0,1,
R01073,E05,2025-04-02,30,59,4,,1547,5,1,2,retail
R01074,E05,2025-04-02,45,27,3,3418,11671,5,1,3,government
R01075,E05,2025-04-02,29,36,4,,747,0,0,1,
R01076,E05,2025-04-02,32,18,3,,727,,1,2,government
R01077,E05,2025-04-02,34,36,4,1221,963,3,1,1,government
R01078,E05,2025-04-02,36,45,3,,1210,3,1,2,manufacturing
R01079,E05,2025-04-02,35,36,7,1091,1278,2,1,3,government
R01080,E05,2025-04-02,36,53,9,,1561,6,0,3,
R01081,E05,2025-04-03,46,47,11,1385,853,7,1,3,manufacturing
R01082,E05,2025-04-03,26,47,5,1625,1507,1,1,2,manufacturing
R01083,E05,2025-04-03,37,49,7,,948,3,0,1,
R01084,E05,2025-04-03,49,51,3,1386,1087,4,1,2,government
R01085,E05,2025-04-03,41,42,2,1532,985,6,1,4,agriculture
R01086,E05,2025-04-03,41,41,7,3042,2033,7,1,2,government
R01087,E05,2025-04-03,47,22,4,548,320,2,1,3,agriculture
R01088,E05,2025-04-03,27,36,9,727,2592,,1,3,retail
R01089,E05,2025-04-04,41,27,9,1635,1079,3,1,3,manufacturing
R01090,E05,2025-04-04,28,49,4,1296,1148,5,1,2,services
R01091,E05,2025-04-04,35,54,7,1556,,4,1,1,services
R01092,E05,2025-04-05,49,27,2,844,840,0,1,2,agriculture
R01093,E05,2025-04-05,,51,7,,581,5,0,4,
R01094,E05,2025-04-05,50,18,5,1446,1196,3,1,2,agriculture
R01095,E05,2025-04-05,52,35,10,1937,1769,5,1,2,agriculture
R01096,E05,2025-04-05,17,30,3,1462,1180,3,1,2,manufacturing
R01097,E05,2025-04-05,50,40,4,1126,991,3,1,4,services
R01098,E05,2025-04-05,35,37,4,660,627,4,1,1,retail
R01099,E05,2025-04-06,44,57,9,706,694,2,1,1,agriculture
R01100,E05,2025-04-06,31,49,7,,3597,7,0,2,
R01101,E05,2025-04-06,23,40,4,,669,7,0,4,
R01102,E05,2025-04-06,44,44,5,,1288,2,0,1,
R01103,E05,2025-04-06,28,36,7,,601,4,0,3,
R01104,E05,2025-04-07,28,56,9,1092,,5,1,4,agriculture
R01105,E05,2025-04-07,,55,7,,1420,,1,4,government
R01106,E05,2025-04-07,38,30,7,1877,1775,4,1,4,government
R01107,E05,2025-04-07,23,,5,1246,928,5,1,2,manufacturing
R01108,E05,2025-04-07,33,42,5,863,785,3,1,4,manufacturing
R01109,E05,2025-04-07,36,56,7,,1950,,1,2,services
R01110,E05,2025-04-07,50,54,6,1527,1256,2,1,4,agriculture
R01111,E05,2025-04-07,43,34,4,,,5,1,4,manufacturing
R01112,E05,2025-04-07,22,34,9,1152,1463,2,1,2,retail
R01113,E05,2025-04-08,36,30,5,,,3,0,4,
R01114,E05,2025-04-08,41,46,9,,1332,4,0,3,
R01115,E05,2025-04-08,33,51,7,949,495,3,1,4,services
R01116,E05,2025-04-08,28,57,5,,957,1,0,3,
R01117,E05,2025-04-08,57,47,8,3370,,7,1,2,agriculture
R01118,E05,2025-04-08,36,18,4,1451,1478,5,1,2,agriculture
R01119,E05,2025-04-08,45,63,5,,2890,,0,3,
R01120,E05,2025-04-08,34,31,3,861,686,4,1,4,retail
R01121,E05,2025-04-09,38,29,3,1284,838,6,1,2,manufacturing
R01122,E05,2025-04-09,40,57,7,1635,1754,5,1,2,services
R01123,E05,2025-04-09,17,46,5,910,3025,4,1,1,manufacturing
R01124,E05,2025-04-09,52,36,9,1453,1355,2,1,4,services
R01125,E05,2025-04-09,22,30,9,,640,4,0,2,
R01126,E05,2025-04-09,39,53,5,1940,1295,3,1,3,services
R01127,E05,2025-04-09,35,53,9,,893,5,0,1,
R01128,E05,2025-04-09,36,18,8,,734,5,0,3,
R01129,E05,2025-04-09,52,38,6,,1238,5,0,2,
R01130,E05,2025-04-09,44,48,8,,856,1,1,2,government
R01131,E05,2025-04-10,40,18,1,759,,3,1,2,government
R01132,E05,2025-04-10,35,48,4,872,801,5,1,1,manufacturing
R01133,E05,2025-04-10,50,57,6,1442,1592,8,1,1,retail
R01134,E05,2025-04-10,53,46,8,776,1048,3,1,3,retail
R01135,E05,2025-04-10,28,67,3,,1152,8,1,2,services
R01136,E05,2025-04-11,17,37,6,,504,1,0,3,
R01137,E05,2025-04-11,39,30,7,798,623,7,1,2,retail
R01138,E05,2025-04-11,38,40,1,,,2,0,2,
R01139,E05,2025-04-11,28,27,5,,1190,3,0,3,
R01140,E05,2025-04-11,31,22,4,,1334,,0,3,
R01141,E05,2025-04-11,28,37,4,,764,5,0,4,
R01142,E05,2025-04-11,32,63,2,983,1074,7,1,3,services
R01143,E05,2025-04-11,34,45,5,565,30665,3,1,2,government
R01144,E05,2025-04-11,38,58,7,,701,4,0,4,
R01145,E05,2025-04-11,28,28,6,1004,,1,1,2,retail
R01146,E05,2025-04-11,43,35,6,,1138,5,1,3,manufacturing
R01147,E05,2025-04-11,41,55,2,1942,1267,3,1,2,government
R01148,E05,2025-04-12,36,50,6,,1841,,1,3,manufacturing
R01149,E05,2025-04-12,34,64,9,936,1035,6,1,1,retail
R01150,E05,2025-04-12,40,27,3,917,784,0,1,1,manufacturing
R01151,E05,2025-04-12,44,,4,1318,853,2,1,2,retail
R01152,E05,2025-04-12,47,70,4,2009,,3,1,4,manufacturing
R01153,E05,2025-04-12,56,49,4,1874,1329,1,1,1,manufacturing
R01154,E05,2025-04-12,47,33,4,2422,1424,4,1,3,manufacturing
R01155,E05,2025-04-12,40,55,7,1352,980,5,1,1,services
R01156,E05,2025-04-12,36,33,6,1078,869,3,1,3,manufacturing
R01157,E05,2025-04-12,33,48,3,2788,1714,4,1,1,services
R01158,E05,2025-04-12,32,34,6,645,552,3,1,1,agriculture
R01159,E05,2025-04-13,24,53,4,2730,2446,6,1,4,government
R01160,E05,2025-04-13,27,41,1,,9887,7,0,4,
R01161,E05,2025-04-13,35,35,6,984,973,1,1,4,services
R01162,E05,2025-04-13,29,45,2,1883,1237,2,1,1,government
R01163,E05,2025-04-13,44,37,6,,1041,5,0,2,
R01164,E05,2025-04-13,32,29,4,629,741,4,1,1,agriculture
R01165,E05,2025-04-13,41,25,3,912,637,1,1,3,services
R01166,E05,2025-04-13,52,30,11,,1075,2,0,1,
R01167,E05,2025-04-13,21,67,8,,1103,2,1,4,manufacturing
R01168,E05,2025-04-13,30,49,5,,718,2,0,1,
R01169,E05,2025-04-13,32,31,4,1934,1492,2,1,4,agriculture
R01170,E05,2025-04-13,44,18,2,607,546,4,1,2,retail
R01171,E05,2025-04-13,49,38,10,,1368,1,0,2,
R01172,E05,2025-04-13,31,40,4,3000,2468,6,1,3,manufacturing
R01173,E05,2025-04-13,39,41,8,,588,2,0,4,
R01174,E05,2025-04-13,31,18,3,661,603,6,1,3,services
R01175,E05,2025-04-14,45,40,6,1654,1277,3,1,1,agriculture
R01176,E05,2025-04-14,35,57,8,576,474,2,1,4,manufacturing
R01177,E05,2025-04-14,27,43,4,,,1,1,1,government
R01178,E05,2025-04-14,28,45,8,1618,1456,5,1,4,manufacturing
R01179,E05,2025-04-14,37,39,10,860,901,0,1,2,manufacturing
R01180,E05,2025-04-14,28,21,2,1071,651,2,1,1,government
R01181,E05,2025-04-14,37,51,3,,1116,6,0,3,
R01182,E05,2025-04-14,51,42,8,,1152,7,0,4,
R01183,E05,2025-04-14,32,18,4,665,609,0,1,3,agriculture
R01184,E05,2025-04-15,45,41,3,921,1038,6,1,4,manufacturing
R01185,E05,2025-04-15,24,32,4,1294,1029,2,1,4,services
R01186,E05,2025-04-15,48,31,7,2191,1998,9,1,1,services
R01187,E05,2025-04-15,,49,3,,888,4,1,3,manufacturing
R01188,E05,2025-04-15,40,29,3,,598,2,0,1,
R01189,E05,2025-04-15,31,,2,842,484,5,1,1,agriculture
R01190,E05,2025-04-15,39,44,2,773,778,4,1,4,retail
R01191,E05,2025-04-15,23,42,5,1613,1588,3,1,1,government
R01192,E05,2025-04-15,41,36,6,,1201,8,0,4,
R01193,E05,2025-04-16,38,50,5,,774,2,0,4,
R01194,E05,2025-04-16,31,36,3,1309,,4,1,2,government
R01195,E05,2025-04-16,44,27,3,,,3,1,4,agriculture
R01196,E05,2025-04-16,57,26,4,1789,1534,,1,2,agriculture
R01197,E05,2025-04-16,63,45,9,,1688,7,0,4,
R01198,E05,2025-04-17,18,37,5,963,,4,1,2,manufacturing
R01199,E05,2025-04-17,51,27,5,,1242,0,0,2,
R01200,E05,2025-04-17,32,44,6,1593,1504,5,1,1,government
R01201,E05,2025-04-17,35,40,4,981,897,6,1,2,retail
R01202,E05,2025-04-17,37,28,3,1412,,,1,1,agriculture
R01203,E05,2025-04-17,43,37,11,1698,1260,6,1,4,retail
R01204,E05,2025-04-17,35,24,10,1299,1117,5,1,3,retail
R01205,E05,2025-04-17,41,48,4,1247,1224,2,1,1,retail
R01206,E05,2025-04-17,42,35,6,987,861,3,1,4,agriculture
R01207,E05,2025-04-17,38,38,9,955,848,3,1,2,retail
R01208,E05,2025-04-18,50,50,8,2300,1767,3,1,1,agriculture
R01209,E05,2025-04-18,40,50,6,1600,1530,7,1,1,services
R01210,E05,2025-04-18,27,36,4,,1381,3,0,3,
R01211,E05,2025-04-18,39,46,6,,1137,2,0,3,
R01212,E05,2025-04-18,35,21,2,1719,1275,5,1,4,retail
R01213,E05,2025-04-18,56,41,4,1989,2098,3,1,1,manufacturing
R01214,E05,2025-04-18,26,53,5,2857,2570,2,1,2,retail
R01215,E05,2025-04-18,27,53,6,1082,1409,2,1,4,agriculture
R01216,E05,2025-04-19,34,50,6,1104,790,52,1,3,manufacturing
R01217,E05,2025-04-19,42,43,8,693,710,3,1,4,services
R01218,E05,2025-04-19,46,51,3,,2189,6,0,1,
R01219,E05,2025-04-19,36,50,7,2141,1881,2,1,3,services
R01220,E05,2025-04-19,39,55,8,1419,1680,7,1,4,agriculture
R01221,E05,2025-04-20,29,42,4,,625,5,0,2,
R01222,E05,2025-04-20,,29,8,1170,1122,3,1,4,services
R01223,E05,2025-04-20,43,40,7,1150,1193,5,1,4,retail
R01224,E05,2025-04-20,15,45,5,916,,8,1,2,government
R01225,E05,2025-04-20,35,33,10,2292,1274,3,1,4,government
R01226,E05,2025-04-21,31,27,2,,302,3,0,3,
R01227,E05,2025-04-21,34,45,2,,473,4,0,2,
R01228,E05,2025-04-21,38,53,4,970,3137,4,1,4,manufacturing
R01229,E05,2025-04-22,41,42,5,,893,3,0,1,
R01230,E05,2025-04-22,31,45,4,983,908,3,1,2,agriculture
R01231,E05,2025-04-22,38,40,5,597,595,3,1,4,agriculture
R01232,E05,2025-04-22,31,14,3,,1155,4,0,2,
R01233,E05,2025-04-22,8,30,4,913,822,2,1,4,retail
R01234,E05,,44,50,5,1319,1350,4,1,1,agriculture
R01235,E05,2025-04-23,31,34,2,,1271,5,1,4,retail
R01236,E05,2025-04-23,36,48,6,25627,1590,5,1,4,retail
R01237,E05,2025-04-23,53,44,3,1979,1866,5,1,3,manufacturing
R01238,E05,2025-04-23,38,,7,,1778,3,0,3,
R01239,E05,2025-04-23,45,18,7,,1000,6,0,1,
R01240,E05,2025-04-23,50,54,5,746,,5,1,4,agriculture
R01241,E05,2025-04-23,37,65,4,1475,1072,6,1,2,manufacturing
R01242,E05,2025-04-23,36,44,9,338,356,5,1,2,services
R01243,E05,2025-04-23,5,47,6,910,969,3,1,1,agriculture
R01244,E05,2025-04-23,33,47,6,1317,,10,1,2,manufacturing
R01245,E05,2025-04-23,35,36,4,1412,1411,3,1,1,manufacturing
R01246,E05,2025-04-23,27,58,3,802,,2,1,3,services
R01247,E05,2025-04-24,34,38,3,984,793,4,1,4,services
R01248,E05,2025-04-24,13,58,2,887,863,1,1,2,government
R01249,E05,2025-04-24,31,48,5,2056,1698,8,1,4,retail
R01250,E05,2025-04-24,19,42,4,567,513,3,1,3,retail
R01251,E05,2025-04-24,34,60,4,1498,1266,7,1,3,services
R01252,E05,2025-04-24,41,40,6,1555,1365,5,1,4,agriculture
R01253,E05,2025-04-24,47,31,5,2327,1373,7,1,3,services
R01254,E05,2025-04-24,32,30,8,,827,3,0,3,
R01255,E05,2025-04-24,37,40,5,1015,1133,4,1,3,manufacturing
R01256,E05,2025-04-24,35,34,3,1245,1136,2,1,2,agriculture
R01257,E05,2025-04-24,53,41,3,,777,4,0,4,
R01258,E05,2025-04-25,28,47,5,888,636,6,1,2,agriculture
R01259,E05,2025-04-25,46,43,6,,528,2,1,3,services
R01260,E05,2025-04-25,38,23,6,,2693,8,0,4,
R01261,E05,2025-04-25,22,58,2,657,568,4,1,1,retail
R01262,E05,2025-04-25,30,53,9,,1274,5,0,2,
R01263,E05,2025-04-25,23,23,4,2378,1557,6,1,2,retail
R01264,E05,2025-04-25,48,31,4,861,542,5,1,4,services
R01265,E05,2025-04-25,8,43,4,986,715,4,1,2,retail
R01266,E05,,23,42,3,1637,1232,4,1,1,government
R01267,E05,2025-04-26,35,45,5,1447,1337,5,1,3,retail
R01268,E05,2025-04-26,28,49,4,,1373,,0,2,
R01269,E05,2025-04-26,35,44,2,,554,0,0,3,
R01270,E05,2025-04-26,50,49,10,1437,1208,6,1,2,services
R01271,E05,2025-04-26,31,38,3,1334,1006,2,1,3,government
R01272,E05,2025-04-26,39,58,3,,412,2,0,3,
R01273,E05,2025-04-26,31,18,7,2046,1554,3,1,3,government
R01274,E05,2025-04-26,40,48,3,,924,3,0,4,
R01275,E05,2025-04-26,38,36,4,1251,1211,4,1,1,government
R01276,E05,2025-04-26,43,38,9,,1516,3,0,1,
R01277,E05,2025-04-26,35,32,3,,1602,4,0,4,
R01278,E05,2025-04-27,43,28,7,1421,1264,7,1,4,agriculture
,E05,2025-04-27,35,13,5,,1351,6,0,2,
R01280,E05,2025-04-27,36,59,4,1799,1926,5,1,2,services
R01281,E05,2025-04-27,43,23,4,850,568,1,1,4,manufacturing
R01282,E05,2025-04-27,37,45,3,616,543,7,1,2,agriculture
R01283,E05,2025-04-27,33,48,9,956,684,4,1,2,services
R01284,E05,2025-04-27,40,22,6,942,631,5,1,1,government
R01285,E05,2025-04-27,,28,8,1577,1495,3,1,2,retail
R01286,E05,2025-04-27,44,32,5,,,2,0,4,
R01287,E05,2025-04-27,25,32,3,,667,3,0,1,
R01288,E05,2025-04-28,31,22,4,1539,1095,5,1,4,government
R01289,E05,2025-04-28,36,46,3,607,543,2,1,4,government
R01290,E05,2025-04-28,34,,10,1388,1290,4,1,2,services
R01291,E05,2025-04-28,41,29,3,,1658,3,0,3,
R01292,E05,2025-04-28,34,37,5,,1092,3,0,2,
R01293,E05,2025-04-29,40,31,5,923,971,3,1,1,manufacturing
R01294,E05,2025-04-29,47,40,11,596,622,0,1,3,services
R01295,E05,2025-04-29,,53,5,720,812,0,1,4,retail
R01296,E05,2025-04-29,27,27,5,1839,1368,0,1,2,agriculture
R01297,E05,2025-04-29,44,42,6,,973,4,0,3,
R01298,E05,2025-04-29,,41,8,,6930,3,0,4,
R01299,E05,2025-04-29,29,59,4,,889,3,0,3,
R01300,E05,2025-04-30,25,33,5,,1353,4,1,2,services
R01301,E05,2025-04-30,46,36,10,,1930,6,0,4,
R01302,E05,2025-04-30,38,37,5,,1076,4,1,2,manufacturing
R01303,E05,2025-04-30,29,27,7,,2536,5,0,4,
R01304,E05,2025-04-30,39,40,6,1101,814,4,1,2,manufacturing
R01305,E05,2025-04-30,37,45,3,1624,984,,1,1,retail
R01306,E06,2025-04-01,31,31,7,1843,1750,5,1,1,services
R01307,E06,2025-04-01,52,53,11,,1143,4,0,1,
R01308,E06,2025-04-01,37,47,6,,954,7,1,3,retail
R01309,E06,2025-04-01,26,44,4,1186,638,0,1,1,agriculture
R01310,E06,2025-04-01,39,18,4,1077,,3,1,1,agriculture
R01311,E06,2025-04-01,15,22,8,1536,1006,,1,4,government
R01312,E06,2025-04-01,27,37,5,1771,897,0,1,3,government
R01313,E06,2025-04-01,30,34,4,,924,5,0,2,
R01314,E06,2025-04-01,37,26,6,1313,765,5,1,1,services
R01315,E06,2025-04-01,54,32,6,582,641,8,1,1,retail
R01316,E06,2025-04-02,34,,7,661,621,0,1,2,government
R01317,E06,2025-04-02,35,19,3,,820,2,0,1,
R01318,E06,2025-04-02,54,41,10,484,474,4,1,1,services
R01319,E06,2025-04-02,,27,9,1610,1658,6,1,1,government
R01320,E06,2025-04-02,32,57,5,1265,1176,3,1,2,services
R01321,E06,2025-04-02,14,42,2,,664,5,0,2,
R01322,E06,2025-04-02,53,59,5,1135,1170,4,1,4,services
R01323,E06,2025-04-02,33,46,3,1086,650,3,1,4,manufacturing
R01324,E06,2025-04-02,33,38,3,967,1057,3,1,4,services
R01325,E06,2025-04-03,52,20,7,939,747,2,1,1,agriculture
R01326,E06,2025-04-03,29,63,5,,1176,1,0,4,
R01327,E06,2025-04-03,37,16,8,1431,1189,5,1,1,retail
R01328,E06,2025-04-03,35,45,6,1132,776,,1,1,services
R01329,E06,2025-04-03,36,65,8,965,1038,3,1,4,services
R01330,E06,2025-04-04,29,37,4,684,692,3,1,1,agriculture
R01331,E06,2025-04-04,40,49,5,,1653,5,0,1,
R01332,E06,2025-04-04,36,48,3,,1356,8,0,3,
R01333,E06,2025-04-04,33,59,11,,1303,3,0,3,
R01334,E06,2025-04-05,47,30,2,1317,1341,4,1,1,agriculture
R01335,E06,2025-04-05,36,27,6,,1870,4,0,1,
R01336,E06,2025-04-05,47,18,4,1055,3797,4,1,2,manufacturing
R01337,E06,2025-04-05,49,35,9,2848,2324,4,1,4,retail
R01338,E06,2025-04-05,17,55,4,1192,1182,1,1,1,services
R01339,E06,2025-04-05,41,39,5,,2077,9,0,2,
R01340,E06,2025-04-05,45,48,8,598,440,1,1,4,government
R01341,E06,2025-04-05,38,32,4,1974,1836,4,1,4,government
R01342,E06,2025-04-05,27,24,3,,822,6,0,2,
R01343,E06,2025-04-06,46,24,9,1695,1567,3,1,1,manufacturing
R01344,E06,2025-04-06,34,32,1,1944,9201,5,1,4,retail
R01345,E06,2025-04-06,29,100,5,780,478,4,1,2,retail
R01346,E06,2025-04-06,31,22,5,505,557,4,1,3,retail
R01347,E06,2025-04-06,30,44,5,1859,1619,4,1,2,government
R01348,E06,2025-04-06,13,41,8,,617,1,0,1,
R01349,E06,2025-04-06,33,20,6,,1753,5,0,4,
R01350,E06,2025-04-06,34,40,5,1296,855,2,1,3,services
R01351,E06,2025-04-06,46,50,5,1453,1176,2,1,2,services
R01352,E06,2025-04-07,44,45,6,3594,4027,6,1,1,government
R01353,E06,2025-04-07,39,33,10,1568,1315,4,1,2,government
R01354,E06,2025-04-07,33,33,4,,1582,4,1,4,manufacturing
R01355,E06,2025-04-07,34,52,8,,1081,3,0,1,
R01356,E06,2025-04-07,45,30,5,1076,1124,5,1,2,retail
R01357,E06,2025-04-07,37,44,4,,943,6,0,4,
R01358,E06,2025-04-08,25,48,5,,1004,3,0,1,
R01359,E06,2025-04-08,26,24,7,,1206,2,0,3,
R01360,E06,,32,18,10,629,560,1,1,3,agriculture
R01361,E06,2025-04-08,30,69,4,813,,4,1,4,government
R01362,E06,2025-04-08,38,44,6,,395,4,0,1,
R01363,E06,2025-04-09,30,49,3,1561,,3,1,4,agriculture
R01364,E06,2025-04-09,26,42,5,,686,1,0,4,
R01365,E06,2025-04-09,24,30,4,,727,2,1,4,agriculture
R01366,E06,2025-04-10,40,45,4,759,693,2,1,4,agriculture
R01367,E06,2025-04-10,34,25,12,,817,0,1,1,agriculture
R01368,E06,2025-04-10,46,63,4,,,4,0,3,
R01369,E06,2025-04-10,31,63,5,,1045,6,0,2,
R01370,E06,2025-04-10,21,40,3,946,800,3,1,4,services
R01371,E06,2025-04-10,45,36,4,,,4,1,1,manufacturing
R01372,E06,2025-04-10,47,18,3,,1081,5,0,3,
R01373,E06,2025-04-11,51,22,5,1279,1001,5,1,4,services
R01374,E06,2025-04-11,32,38,5,,847,3,0,1,
R01375,E06,2025-04-11,22,39,5,,1682,4,1,2,agriculture
R01376,E06,2025-04-11,35,39,3,2029,1889,6,1,3,retail
R01377,E06,2025-04-12,25,48,8,1158,1006,0,1,1,agriculture
R01378,E06,2025-04-12,29,33,3,,1319,0,0,4,
R01379,E06,2025-04-12,29,47,7,1498,1688,3,1,4,agriculture
R01380,E06,2025-04-13,37,52,7,2035,1907,,1,2,manufacturing
R01381,E06,2025-04-13,37,41,1,966,731,4,1,4,manufacturing
R01382,E06,2025-04-13,33,55,7,767,746,4,1,2,services
R01383,E06,2025-04-13,48,43,11,1177,948,6,1,4,agriculture
R01384,E06,2025-04-13,52,25,6,,935,7,0,1,
R01385,E06,2025-04-13,43,32,5,,1037,5,0,4,
R01386,E06,2025-04-13,44,38,3,1165,1189,1,1,2,government
R01387,E06,2025-04-13,45,41,6,971,900,3,1,1,retail
R01388,E06,2025-04-14,46,18,8,,1114,3,0,4,
R01389,E06,2025-04-14,37,41,6,,507,4,0,2,
R01390,E06,2025-04-14,42,18,4,1535,1282,7,1,2,manufacturing
R01391,E06,2025-04-14,37,46,6,,2189,5,1,3,retail
R01392,E06,2025-04-14,25,57,6,,1094,4,0,4,
R01393,E06,2025-04-14,26,18,8,,1301,55,0,2,
R01394,E06,2025-04-14,29,43,6,1843,1350,4,1,3,services
R01395,E06,2025-04-14,39,42,5,726,676,5,1,2,manufacturing
R01396,E06,2025-04-14,33,45,2,942,601,3,1,3,retail
R01397,E06,2025-04-14,19,39,4,,2131,5,0,2,
R01398,E06,2025-04-15,47,55,10,2003,1123,6,1,3,services
R01399,E06,2025-04-15,49,31,11,,1146,3,0,2,
R01400,E06,2025-04-15,31,33,7,,1416,,0,2,
R01401,E06,2025-04-15,42,45,11,2353,2335,2,1,3,agriculture
R01402,E06,2025-04-15,,55,3,,3327,7,0,4,
R01403,E06,2025-04-15,36,39,7,1870,1285,7,1,4,retail
R01404,E06,2025-04-15,47,28,4,1378,1162,2,1,4,agriculture
R01405,E06,2025-04-15,43,45,7,599,,3,1,1,government
R01406,E06,2025-04-15,46,29,6,1622,1070,6,1,1,manufacturing
R01407,E06,2025-04-16,32,41,2,1272,915,4,1,2,services
R01408,E06,2025-04-16,31,64,4,1479,1336,8,1,2,agriculture
R01409,E06,2025-04-16,38,45,5,563,654,5,1,3,manufacturing
R01410,E06,2025-04-16,37,41,10,,,1,0,1,
,E06,2025-04-16,29,36,3,418,308,5,1,4,agriculture
R01412,E06,2025-04-16,40,66,5,1186,789,2,1,2,retail
R01413,E06,2025-04-16,32,25,1,1140,587,3,1,3,agriculture
R01414,E06,2025-04-17,53,58,7,,1531,3,0,4,
R01415,E06,2025-04-17,20,30,5,1427,1231,5,1,3,retail
R01416,E06,2025-04-17,50,63,3,2491,2258,7,1,3,manufacturing
R01417,E06,2025-04-17,22,59,5,556,477,5,1,4,manufacturing
R01418,E06,2025-04-17,25,,5,,693,,0,3,
R01419,E06,2025-04-17,19,35,2,,813,7,0,2,
R01420,E06,2025-04-17,44,45,5,,1259,4,0,2,
R01421,E06,2025-04-17,37,41,8,813,803,3,1,2,agriculture
R01422,E06,2025-04-18,59,29,5,756,487,,1,2,retail
R01423,E06,2025-04-18,,18,3,644,648,0,1,1,government
R01424,E06,2025-04-18,22,18,3,898,550,4,1,3,manufacturing
R01425,E06,2025-04-18,38,25,4,,569,2,1,3,agriculture
R01426,E06,2025-04-18,43,32,7,906,815,2,1,2,agriculture
R01427,E06,2025-04-18,40,24,7,1591,,4,1,3,retail
R01428,E06,2025-04-18,41,35,7,1685,,4,1,3,government
R01429,E06,2025-04-18,47,43,10,,1148,3,0,3,
R01430,E06,2025-04-18,38,51,5,804,760,4,1,3,retail
R01431,E06,2025-04-19,31,36,4,840,609,5,1,2,retail
R01432,E06,2025-04-19,29,28,6,,,6,1,2,government
R01433,E06,2025-04-19,254,48,4,1742,875,6,1,4,agriculture
R01434,E06,2025-04-19,30,37,3,1327,1343,6,1,2,services
R01435,E06,2025-04-19,48,44,5,1114,781,6,1,3,manufacturing
R01436,E06,2025-04-19,31,42,4,,1227,4,0,4,
R01437,E06,2025-04-19,39,33,5,,745,7,0,1,
R01438,E06,2025-04-19,25,33,6,830,2435,2,1,3,government
R01439,E06,2025-04-20,32,54,4,1205,899,1,1,2,agriculture
R01440,E06,2025-04-20,32,49,4,,844,0,1,3,government
R01441,E06,2025-04-20,35,47,9,,986,5,0,1,
R01442,E06,2025-04-20,23,56,6,1956,1610,5,1,3,agriculture
R01443,E06,2025-04-20,17,27,6,,1185,5,0,3,
R01444,E06,2025-04-20,43,26,9,1700,1752,6,1,4,government
R01445,E06,2025-04-20,41,26,2,2947,2215,8,1,2,services
R01446,E06,2025-04-20,37,38,11,1250,1089,6,1,1,manufacturing
R01447,E06,2025-04-21,53,34,4,,1267,5,0,1,
R01448,E06,2025-04-21,50,41,7,732,715,4,1,2,manufacturing
R01449,E06,2025-04-21,38,41,8,,889,7,0,4,
R01450,E06,2025-04-21,45,18,2,,,4,0,2,
R01451,E06,2025-04-21,34,41,4,1641,1653,7,1,4,agriculture
R01452,E06,2025-04-21,34,37,7,,715,1,0,2,
R01453,E06,2025-04-21,23,18,6,1392,1138,3,1,3,agriculture
R01454,E06,2025-04-22,34,33,6,1257,1461,6,1,1,manufacturing
R01455,E06,2025-04-22,46,37,8,,846,4,0,1,
R01456,E06,2025-04-22,20,50,2,931,567,4,1,2,services
R01457,E06,2025-04-22,35,26,9,1633,1248,5,1,4,government
R01458,E06,2025-04-22,40,44,2,895,742,3,1,1,government
R01459,E06,2025-04-22,38,27,9,1232,1229,6,1,1,retail
R01460,E06,2025-04-22,34,47,8,1125,1232,2,1,1,agriculture
R01461,E06,2025-04-23,34,62,5,4807,16800,12,1,1,services
R01462,E06,2025-04-23,51,39,5,,815,4,0,3,
R01463,E06,2025-04-23,,40,3,551,643,3,1,3,government
R01464,E06,2025-04-23,39,26,3,1598,1600,9,1,1,government
R01465,E06,2025-04-23,29,32,7,1258,1219,1,1,2,manufacturing
R01466,E06,2025-04-23,43,45,10,,1686,,0,3,
R01467,E06,2025-04-23,44,33,6,,625,4,0,2,
R01468,E06,2025-04-23,18,56,4,36130,1548,3,1,3,agriculture
R01469,E06,2025-04-23,55,28,10,1190,999,5,1,2,agriculture
R01470,E06,2025-04-23,31,24,3,632,518,3,1,4,retail
R01471,E06,2025-04-23,40,44,11,1319,,6,1,1,services
R01472,E06,2025-04-24,37,28,3,2039,2092,6,1,3,manufacturing
R01473,E06,2025-04-24,33,37,11,,,,1,2,manufacturing
R01474,E06,2025-04-24,33,43,4,903,851,3,1,3,manufacturing
R01475,E06,2025-04-24,22,30,7,645,534,4,1,1,retail
R01476,E06,2025-04-24,33,42,3,728,580,3,1,1,services
R01477,E06,2025-04-24,39,,4,1577,1394,4,1,3,agriculture
R01478,E06,2025-04-24,29,51,10,1242,1286,3,1,4,services
R01479,E06,2025-04-24,37,42,3,792,550,0,1,2,agriculture
R01480,E06,2025-04-24,33,33,7,725,622,0,1,1,manufacturing
R01481,E06,2025-04-24,33,52,10,663,658,1,1,4,services
R01482,E06,2025-04-24,27,38,5,1727,1526,5,1,3,retail
R01483,E06,2025-04-25,25,20,6,1726,1632,6,1,3,services
R01484,E06,2025-04-25,56,18,4,,1001,,0,2,
R01485,E06,2025-04-25,44,31,4,1005,782,4,1,2,manufacturing
R01486,E06,2025-04-25,36,69,2,,,4,0,4,
R01487,E06,,33,41,3,1392,713,,1,3,manufacturing
R01488,E06,2025-04-25,34,40,7,1216,1038,4,1,3,government
R01489,E06,2025-04-25,38,47,11,1337,1615,,1,3,services
R01490,E06,2025-04-25,26,45,6,1705,1920,6,1,1,manufacturing
R01491,E06,2025-04-25,47,,4,1515,,5,1,1,services
R01492,E06,2025-04-25,45,18,7,,1115,4,0,2,
R01493,E06,2025-04-26,42,24,3,,970,4,0,2,
R01494,E06,2025-04-26,31,18,8,1108,1185,4,1,1,agriculture
R01495,E06,2025-04-26,34,37,9,,1899,0,0,1,
R01496,E06,2025-04-26,18,65,5,,,2,0,4,
R01497,E06,2025-04-26,27,41,7,,1776,7,0,2,
R01498,E06,2025-04-26,30,62,8,,1065,1,0,3,
R01499,E06,2025-04-26,31,42,8,1544,1312,5,1,4,manufacturing
R01500,E06,2025-04-26,43,57,6,1327,805,4,1,2,retail
R01501,E06,2025-04-26,15,21,7,1878,1375,2,0,3,
R01502,E06,2025-04-26,41,24,5,952,778,5,1,1,government
R01503,E06,2025-04-26,47,40,8,533,,2,1,1,manufacturing
R01504,E06,2025-04-26,24,29,10,,1989,4,0,2,
R01505,E06,2025-04-27,30,41,8,,1055,4,0,2,
R01506,E06,2025-04-27,13,38,6,681,709,4,1,2,retail
R01507,E06,2025-04-27,52,24,6,,,5,0,2,
R01508,E06,2025-04-27,35,27,8,,1301,5,0,4,
R01509,E06,2025-04-27,36,108,4,,1797,7,0,1,
R01510,E06,2025-04-27,31,48,8,985,956,3,1,4,manufacturing
R01511,E06,2025-04-27,33,35,3,1439,1330,4,1,3,manufacturing
R01512,E06,2025-04-27,25,48,2,464,548,3,1,2,retail
R01513,E06,2025-04-27,41,53,7,,524,3,0,3,
R01514,E06,2025-04-27,31,18,4,1365,1279,1,1,4,agriculture
R01515,E06,2025-04-27,,43,6,1793,2200,4,1,3,agriculture
R01516,E06,2025-04-28,25,58,4,,1426,7,0,3,
R01517,E06,2025-04-28,51,40,6,,1979,7,0,3,
R01518,E06,2025-04-28,26,48,3,1323,983,1,1,2,government
R01519,E06,2025-04-28,42,36,3,1159,608,3,1,3,retail
R01520,E06,2025-04-28,27,30,3,,15070,4,1,1,retail
R01521,E06,2025-04-28,47,53,7,1054,982,4,1,2,retail
R01522,E06,2025-04-28,,39,7,1212,1251,,1,3,government
R01523,E06,2025-04-28,19,54,4,,1031,7,0,1,
R01524,E06,2025-04-28,30,41,4,1173,1120,4,1,2,government
R01525,E06,2025-04-28,29,48,10,1641,1084,2,1,1,retail
R01526,E06,2025-04-28,,62,4,1728,1195,8,1,2,manufacturing
R01527,E06,2025-04-28,21,37,5,2065,1711,6,1,3,retail
R01528,E06,2025-04-29,53,45,8,2218,2128,9,0,1,
R01529,E06,2025-04-29,33,55,8,,1422,3,1,4,services
R01530,E06,2025-04-29,34,48,7,,495,3,0,4,
R01531,E06,2025-04-29,29,21,4,872,591,4,1,4,manufacturing
R01532,E06,2025-04-29,47,38,7,1722,1401,4,1,4,agriculture
R01533,E06,2025-04-29,22,,5,1999,1468,6,1,2,retail
R01534,E06,2025-04-30,32,53,5,921,601,0,1,2,retail
R01535,E06,2025-04-30,44,30,4,,,1,1,2,agriculture
R01536,E06,2025-04-30,32,46,4,2715,1614,6,1,2,retail
R01537,E06,2025-04-30,34,42,4,,1236,5,0,1,
R01538,E06,2025-04-30,43,38,7,,1295,4,0,3,
R01539,E06,2025-04-30,36,43,4,,1361,5,0,2,
R01540,E06,2025-04-30,52,46,11,20136,941,0,1,4,government
R02585,E07,2025-04-01,31,48,5,,,6,1,4,retail
R02621,E07,2025-04-01,42,18,3,,1193,5,1,2,retail
R04782,E07,2025-04-01,49,37,5,,,0,1,3,manufacturing
R04255,E07,2025-04-01,43,40,8,,,5,0,3,
R00622,E07,2025-04-01,34,51,7,,,6,0,1,
R04976,E07,2025-04-01,30,27,2,1431,,,1,4,manufacturing
R02183,E07,2025-04-01,,32,6,423,,2,1,2,retail
R01162,E07,2025-04-02,48,45,23,,,2,0,4,
R01798,E07,2025-04-02,34,45,6,,1061,7,0,1,
R04152,E07,2025-04-02,28,38,5,1216,,6,1,1,retail
R04147,E07,2025-04-02,18,26,5,,35682,,1,1,agriculture
R03274,E07,2025-04-02,40,33,9,,1070,,1,2,retail
R00537,E07,2025-04-03,30,37,7,,,4,1,1,government
R04163,E07,2025-04-03,39,58,8,,,3,1,3,agriculture
R00148,E07,2025-04-03,36,43,7,,,4,1,4,manufacturing
R04905,E07,2025-04-03,38,28,7,,1076,6,0,4,
R02400,E07,2025-04-03,52,45,4,,665,3,0,4,
R00858,E07,2025-04-03,30,18,6,1171,1029,,1,1,government
R01559,E07,2025-04-04,36,26,12,,1376,4,1,4,manufacturing
R01560,E07,2025-04-04,,35,10,,,,0,1,
R01561,E07,2025-04-04,49,57,5,,,,1,4,services
R01562,E07,2025-04-04,2,49,6,1059,,4,1,1,retail
R01563,E07,2025-04-04,42,50,2,,2095,10,1,1,government
R01564,E07,2025-04-04,26,24,9,,,1,1,3,government
R01565,E07,2025-04-04,48,37,7,1348,,,1,2,government
R01566,E07,2025-04-04,27,25,5,,,0,1,3,services
R01567,E07,2025-04-04,,27,6,,,6,0,4,
R01568,E07,2025-04-05,26,37,4,,,4,1,3,government
R01569,E07,2025-04-05,46,47,9,,,2,0,4,
R01570,E07,2025-04-05,32,32,5,619,374,5,1,4,manufacturing
R01571,E07,2025-04-05,,20,6,,,4,1,4,services
R01572,E07,2025-04-05,40,,5,,,4,0,3,
R01573,E07,2025-04-05,15,28,7,,,4,0,4,
R01574,E07,,15,57,8,,,5,0,1,
R01575,E07,2025-04-06,,40,4,,1643,6,0,4,
R01576,E07,2025-04-06,34,32,2,,,,0,2,
R01577,E07,2025-04-06,24,45,3,,,,1,4,services
R01578,E07,2025-04-06,,42,7,918,,,0,1,
R01579,E07,2025-04-06,38,33,7,1304,,3,1,1,agriculture
R01580,E07,2025-04-06,,38,4,,,6,0,4,
R01581,E07,2025-04-06,30,40,8,,23873,6,0,4,
R01582,E07,2025-04-06,,44,9,,1248,2,1,3,manufacturing
R01583,E07,2025-04-06,34,42,7,,551,3,1,1,government
R01584,E07,2025-04-06,28,,4,,,,0,4,
,E07,2025-04-06,,,7,1909,,4,1,3,retail
R01586,E07,2025-04-06,42,29,9,,,6,1,2,government
R01587,E07,2025-04-06,43,20,2,,,,1,2,retail
R01588,E07,2025-04-06,53,29,9,,,7,1,1,retail
R01589,E07,2025-04-06,28,51,7,1528,1479,4,1,2,retail
R01590,E07,2025-04-06,36,33,7,,,,1,1,services
R01591,E07,2025-04-06,41,31,5,1179,877,3,1,1,manufacturing
R01592,E07,2025-04-06,38,,9,,,4,1,3,government
R01593,E07,2025-04-06,32,67,7,981,,4,1,4,government
R01594,E07,2025-04-06,52,41,6,1617,,,1,1,agriculture
R01595,E07,2025-04-06,26,18,2,,,5,0,3,
R01596,E07,,44,25,11,,691,,0,3,
R01597,E07,2025-04-06,16,43,3,1860,1581,6,1,3,manufacturing
R01598,E07,,5,40,5,,,3,1,2,government
R01599,E07,2025-04-06,36,50,5,,1057,30,0,1,
R01600,E07,2025-04-06,26,38,2,,,,1,4,retail
R01601,E07,2025-04-06,36,36,4,,,4,1,1,retail
R01602,E07,2025-04-06,41,55,8,,,4,1,1,retail
R01603,E07,2025-04-06,21,45,3,,,,0,3,
R01604,E07,2025-04-06,42,36,9,,,5,1,4,retail
R01605,E07,2025-04-06,42,47,10,,,3,1,2,services
R01606,E07,2025-04-06,41,35,3,,,3,0,4,
R01607,E07,2025-04-06,46,45,5,,,,1,1,government
R01608,E07,2025-04-06,28,49,8,,,,1,1,government
R01609,E07,2025-04-06,40,27,4,,,4,1,2,manufacturing
R01610,E07,2025-04-06,38,42,1,,,0,0,4,
R01611,E07,2025-04-06,48,59,9,,,2,0,1,
R01612,E07,2025-04-06,46,45,9,,,,0,3,
R01613,E07,2025-04-06,,42,4,,829,,1,1,government
R01614,E07,2025-04-06,28,23,11,1003,,,1,3,agriculture
R01615,E07,2025-04-06,21,56,2,1270,1376,,1,2,government
R01616,E07,,23,49,9,687,,,1,2,retail
R01617,E07,2025-04-06,44,32,4,1194,803,5,1,2,government
,E07,2025-04-06,34,38,7,,994,,0,2,
R01619,E07,2025-04-06,40,29,4,,,6,0,3,
R01620,E07,2025-04-06,34,26,9,,,3,1,2,manufacturing
R01621,E07,2025-04-06,37,53,3,,,,0,3,
R01622,E07,,37,39,8,,,5,1,1,agriculture
R01623,E07,2025-04-06,39,30,3,,,,0,4,
R01624,E07,2025-04-06,30,35,4,,,4,1,1,government
R01625,E07,2025-04-06,35,48,4,,1497,3,1,3,government
R01626,E07,2025-04-06,39,48,6,,1173,,0,3,
R01627,E07,2025-04-06,40,34,11,1668,1480,2,1,3,government
R01628,E07,2025-04-06,41,35,5,1184,939,3,1,2,agriculture
R01629,E07,2025-04-06,15,46,7,,,8,1,4,government
R01630,E07,2025-04-06,37,43,7,,,4,0,1,
R01631,E07,2025-04-06,56,18,9,,,5,1,4,manufacturing
R01632,E07,2025-04-07,51,55,3,,,3,1,1,retail
R01633,E07,,42,52,8,,1103,4,1,1,agriculture
R01634,E07,2025-04-07,21,,3,,,3,1,4,retail
R01635,E07,2025-04-07,42,44,9,,,,1,3,retail
,E07,2025-04-07,36,32,6,,,0,0,2,
R01637,E07,2025-04-07,46,52,5,582,,4,1,2,services
R01638,E07,2025-04-07,30,44,7,,,4,1,3,services
R01639,E07,2025-04-07,-3,18,5,,,,1,4,manufacturing
R01640,E07,2025-04-07,5,36,6,959,,,1,3,services
R01641,E07,2025-04-07,48,35,6,,1199,5,0,3,
R01642,E07,2025-04-07,45,18,9,,,2,1,2,retail
R01643,E07,2025-04-07,,38,6,,,8,1,1,services
R01644,E07,2025-04-07,49,28,4,,,,0,4,
R01645,E07,2025-04-07,50,45,6,,,1,0,2,
R01646,E07,2025-04-07,40,49,6,2713,,4,1,2,government
R01647,E07,2025-04-07,60,57,6,,,,0,2,
R01648,E07,2025-04-07,32,34,4,2933,,7,1,2,retail
R01649,E07,2025-04-07,39,42,1,1022,723,,1,3,government
R01650,E07,2025-04-07,29,48,4,1473,,5,1,1,government
R01651,E07,2025-04-07,57,37,8,731,,7,1,2,agriculture
R01652,E07,2025-04-07,1,39,6,,1012,,1,3,government
R01653,E07,2025-04-07,32,,4,,,,0,1,
R01654,E07,2025-04-07,30,29,4,,839,,1,3,services
R01655,E07,,37,18,1,,936,9,1,3,services
R01656,E07,2025-04-07,28,63,4,,27614,6,1,1,services
R01657,E07,2025-04-07,32,,4,,,5,0,2,
R01658,E07,2025-04-07,28,36,4,,,,1,2,services
R01659,E07,2025-04-07,3,60,4,,,,1,4,government
R01660,E07,2025-04-07,30,46,6,2732,1457,7,0,4,
R01661,E07,2025-04-07,28,48,5,,1705,3,1,4,manufacturing
R01662,E07,2025-04-07,0,34,3,,,3,0,3,
R01663,E07,2025-04-07,,37,8,,,7,1,4,agriculture
R01664,E07,2025-04-07,2,29,7,,1359,,1,3,manufacturing
R01665,E07,2025-04-07,40,99,3,,32264,6,1,3,services
R01666,E07,2025-04-07,27,35,10,,498,,1,4,services
R01667,E07,2025-04-07,38,,7,,,,0,3,
R01668,E07,2025-04-07,42,38,7,,984,5,0,4,
R01669,E07,2025-04-07,32,55,8,1786,4879,4,1,2,agriculture
R01670,E07,2025-04-07,44,64,6,2565,,6,1,2,services
R01671,E07,2025-04-07,34,,2,,1730,,0,1,
R01672,E07,2025-04-07,54,52,8,,,5,1,4,agriculture
R01673,E07,2025-04-07,248,40,3,617,533,1,1,4,retail
R01674,E07,2025-04-07,32,37,9,1442,,,1,4,retail
R01675,E07,2025-04-07,31,45,1,,1130,5,0,1,
R01676,E07,2025-04-07,40,31,4,,,3,1,2,agriculture
R01677,E07,2025-04-07,27,18,5,,1289,,1,4,services
R01678,E07,2025-04-07,44,40,6,1653,,37,1,3,government
R01679,E07,2025-04-07,44,58,6,,,,1,2,retail
R01680,E07,2025-04-07,37,53,8,,18096,5,0,1,
R01681,E07,2025-04-07,34,,5,,,5,1,3,services
R01682,E07,2025-04-08,47,33,7,,,,0,4,
R01683,E07,2025-04-08,25,39,5,,1379,5,0,3,
R01684,E07,2025-04-08,45,41,3,2373,,4,1,2,retail
R01685,E07,2025-04-08,33,45,10,,,1,1,4,retail
R01686,E07,2025-04-08,,70,5,,288,,1,3,services
R01687,E07,2025-04-08,28,33,2,,586,1,1,2,agriculture
R01688,E07,2025-04-08,38,33,4,32905,905,3,1,3,government
R01689,E07,2025-04-08,28,,4,,,4,1,3,agriculture
R01690,E07,2025-04-08,23,37,11,,,4,1,2,services
R01691,E07,2025-04-08,44,25,10,,,3,1,1,government
R01692,E07,2025-04-08,41,22,7,,1265,5,0,4,
R01693,E07,2025-04-08,,72,6,,,6,1,4,services
R01694,E07,2025-04-08,35,61,5,,565,,1,1,retail
R01695,E07,2025-04-08,21,39,6,2445,2009,6,1,4,retail
R01696,E07,2025-04-08,34,55,4,,,2,1,2,manufacturing
R01697,E07,2025-04-08,3,30,4,,,7,0,4,
R01698,E07,2025-04-08,46,45,4,,2202,,0,2,
R01699,E07,2025-04-08,31,24,7,,,2,1,4,manufacturing
R01700,E07,2025-04-08,,30,8,2355,,,1,3,services
R01701,E07,2025-04-08,46,47,4,,1503,4,1,3,government
R01702,E07,2025-04-08,41,43,3,1152,,2,1,1,manufacturing
R01703,E07,2025-04-08,16,28,3,,,3,1,1,government
R01704,E07,2025-04-08,,39,9,,,6,1,3,retail
R01705,E07,2025-04-08,14,21,10,,,4,1,3,agriculture
R01706,E07,2025-04-08,,42,3,1604,1682,3,1,1,manufacturing
R01707,E07,2025-04-08,286,69,5,,,2,0,3,
R01708,E07,2025-04-08,41,31,8,700,,2,1,4,agriculture
R01709,E07,2025-04-08,26,50,5,2503,2137,3,1,2,agriculture
R01710,E07,2025-04-08,27,40,3,2156,,6,1,3,government
R01711,E07,2025-04-08,43,40,5,,,4,1,4,services
R01712,E07,2025-04-08,54,43,5,,,4,1,1,services
R01713,E07,2025-04-08,32,43,4,,,,1,2,agriculture
R01714,E07,2025-04-08,34,,1,,,,1,4,agriculture
R01715,E07,2025-04-08,45,40,3,1568,1459,5,1,2,manufacturing
R01716,E07,2025-04-08,43,37,7,,,2,0,3,
R01717,E07,2025-04-08,39,41,7,,,3,0,1,
R01718,E07,2025-04-08,0,47,5,28414,,7,1,2,government
R01719,E07,2025-04-08,219,30,10,,,6,0,4,
R01720,E07,2025-04-08,37,38,6,,,6,1,1,manufacturing
R01721,E07,,29,50,5,,1281,2,1,1,retail
R01722,E07,2025-04-08,,31,5,,863,3,1,2,government
R01723,E07,2025-04-08,11,50,4,,1607,,1,3,services
R01724,E07,2025-04-08,34,48,4,1130,,2,1,1,retail
R01725,E07,2025-04-08,32,35,9,,,3,1,3,government
R01726,E07,2025-04-08,42,62,5,,1537,5,1,2,services
R01727,E07,2025-04-08,31,42,4,,,3,0,2,
R01728,E07,2025-04-08,16,47,3,,,8,0,2,
R01729,E07,2025-04-08,15,43,3,,1683,7,1,3,agriculture
R01730,E07,2025-04-08,15,37,5,,,2,1,3,retail
R01731,E07,2025-04-08,195,,5,1476,,6,1,2,agriculture
R01732,E07,2025-04-09,41,20,5,,,1,0,4,
R01733,E07,2025-04-09,10,28,8,1698,,4,1,2,services
R01734,E07,2025-04-09,,50,4,,,2,0,2,
R01735,E07,2025-04-09,,41,4,430,,,1,1,retail
R01736,E07,2025-04-09,27,19,7,,,3,1,1,agriculture
R01737,E07,2025-04-09,0,22,9,729,,,1,2,retail
R01738,E07,2025-04-09,34,26,10,,,4,0,2,
R01739,E07,2025-04-09,28,29,8,,,6,1,3,retail
R01740,E07,2025-04-09,31,30,10,,,2,0,3,
R01741,E07,2025-04-09,29,43,5,,,4,0,4,
R01742,E07,2025-04-09,30,42,2,,,5,0,1,
R01743,E07,2025-04-09,36,19,7,,,6,1,3,manufacturing
R01744,E07,2025-04-09,40,48,4,,,4,1,1,government
R01745,E07,2025-04-09,33,42,5,,,0,0,3,
R01746,E07,2025-04-09,14,57,5,,,2,1,4,manufacturing
R01747,E07,2025-04-09,36,23,9,,,9,1,3,services
R01748,E07,2025-04-09,36,54,3,,,,0,3,
R01749,E07,2025-04-09,233,50,7,,,4,0,2,
R01750,E07,2025-04-09,47,20,3,,,,1,2,government
R01751,E07,2025-04-09,19,18,8,,,,1,3,retail
R01752,E07,2025-04-09,43,51,2,,,7,1,1,retail
R01753,E07,2025-04-09,21,32,4,,1518,,1,2,agriculture
R01754,E07,2025-04-09,35,43,6,,729,7,1,3,retail
R01755,E07,2025-04-09,37,50,4,,,6,1,1,retail
R01756,E07,2025-04-09,32,54,3,,,,0,2,
R01757,E07,2025-04-09,51,42,7,,,,1,4,retail
R01758,E07,2025-04-09,36,40,7,2503,,,1,3,services
R01759,E07,2025-04-09,30,22,11,,448,0,1,3,agriculture
R01760,E07,2025-04-09,29,34,7,,,,1,1,agriculture
R01761,E07,2025-04-09,34,36,5,,794,5,0,2,
R01762,E07,2025-04-09,28,32,6,,811,3,1,1,manufacturing
R01763,E07,2025-04-09,49,26,8,,,,1,2,agriculture
R01764,E07,,48,57,5,,784,,1,4,government
R01765,E07,2025-04-09,,54,10,,,34,1,3,agriculture
R01766,E07,2025-04-09,27,,7,,,,1,1,agriculture
R01767,E07,2025-04-09,30,40,4,,,,0,2,
R01768,E07,,31,73,6,,467,4,1,1,government
,E07,2025-04-09,10,34,5,,,3,0,1,
R01770,E07,2025-04-09,26,37,4,,,,1,4,services
R01771,E07,2025-04-09,32,18,4,,,1,0,1,
R01772,E07,2025-04-09,41,36,8,,1414,2,0,3,
R01773,E07,2025-04-10,44,47,9,,,,1,1,services
R01774,E07,2025-04-10,17,,5,,,6,1,2,retail
R01775,E07,2025-04-10,48,29,5,,1110,5,1,2,retail
R01776,E07,2025-04-10,10,,5,1125,,0,1,2,retail
R01777,E07,2025-04-10,27,40,1,654,404,4,1,2,retail
R01778,E07,2025-04-11,5,45,3,,705,2,0,4,
R01779,E07,2025-04-11,39,59,10,,,6,0,3,
R01780,E07,2025-04-11,31,25,3,,,,1,4,agriculture
R01781,E07,2025-04-11,36,52,4,,,3,1,2,retail
R01782,E07,2025-04-11,48,43,3,1619,1010,8,1,3,manufacturing
R01783,E07,2025-04-12,36,39,4,2983,,3,1,4,services
R01784,E07,2025-04-12,26,32,4,,,3,0,3,
R01785,E07,2025-04-12,35,46,10,,,,0,4,
R01786,E07,2025-04-13,,25,4,,,,0,4,
R01787,E07,2025-04-13,,,8,,,3,0,3,
R01788,E07,2025-04-13,26,59,8,1907,,,1,2,government
R01789,E07,2025-04-13,,32,9,,689,,0,3,
R01790,E07,2025-04-13,,52,5,,,1,1,4,government
R01791,E07,2025-04-13,48,20,10,,1208,5,0,1,
R01792,E07,2025-04-13,44,28,7,,,3,0,3,
R01793,E07,2025-04-13,29,34,3,,,6,1,2,services
R01794,E07,2025-04-13,36,58,3,,,3,1,2,manufacturing
R01795,E07,2025-04-13,35,28,5,,,6,0,1,
R01796,E07,2025-04-13,25,40,5,,,5,0,3,
R01797,E07,2025-04-13,32,48,5,,,2,0,2,
R01798,E07,2025-04-13,36,,6,,,8,1,4,services
R01799,E07,2025-04-14,26,18,5,,16788,6,1,3,services
R01800,E07,2025-04-14,53,51,10,,,4,0,2,
R01801,E07,2025-04-14,32,33,4,,612,3,1,3,agriculture
R01802,E07,2025-04-14,,78,4,,,4,1,2,agriculture
R01803,E07,2025-04-14,38,37,6,,,,0,4,
R01804,E07,,42,52,2,,1115,5,1,1,retail
R01805,E07,2025-04-14,32,29,9,,,6,1,1,retail
R01806,E07,2025-04-14,31,38,4,,1080,4,1,1,services
R01807,E07,2025-04-14,39,39,10,,2358,8,1,4,government
R01808,E07,2025-04-14,32,35,9,,,5,0,1,
R01809,E07,2025-04-15,,46,6,,,5,0,2,
R01810,E07,2025-04-15,25,29,4,,,7,0,1,
R01811,E07,,37,,2,,,5,1,4,agriculture
R01812,E07,2025-04-15,50,51,8,799,,,1,1,services
R01813,E07,2025-04-15,32,,6,,,5,1,2,services
R01814,E07,2025-04-15,31,22,3,,,5,1,2,manufacturing
R01815,E07,2025-04-15,37,35,4,2475,,6,1,4,government
R01816,E07,2025-04-15,43,34,2,,2168,4,0,1,
R01817,E07,2025-04-15,37,68,4,2453,,4,1,3,government
R01818,E07,2025-04-15,,62,6,1529,1271,2,1,3,agriculture
R01819,E07,2025-04-15,47,61,5,,,3,1,1,retail
R01820,E07,2025-04-15,22,39,3,,,4,1,1,government
R01821,E07,2025-04-16,18,18,6,,,6,1,2,manufacturing
R01822,E07,2025-04-16,30,35,7,2573,,,1,2,government
R01823,E07,2025-04-16,,29,3,1092,,5,1,2,retail
R01824,E07,2025-04-16,47,34,2,,,,1,2,manufacturing
R01825,E07,2025-04-16,,32,9,,,,1,4,services
R01826,E07,2025-04-16,27,61,9,,,,1,1,agriculture
R01827,E07,2025-04-16,47,35,1,,,2,1,4,services
R01828,E07,2025-04-16,46,,7,1214,,27,1,3,services
R01829,E07,2025-04-17,36,18,9,,,,1,1,services
R01830,E07,2025-04-17,43,30,4,1142,,5,1,3,retail
R01831,E07,2025-04-17,39,26,7,,,9,0,4,
R01832,E07,2025-04-17,35,42,5,948,,3,1,4,agriculture
R01833,E07,2025-04-17,29,51,2,,,,0,2,agriculture
R01834,E07,2025-04-17,28,49,5,1074,,,1,3,manufacturing
R01835,E07,2025-04-18,,43,4,,,6,0,1,
R01836,E07,2025-04-18,3,37,9,763,,,1,1,manufacturing
R01837,E07,2025-04-18,29,,5,,,,0,2,
R01838,E07,2025-04-18,30,18,10,,660,3,0,3,
R01839,E07,2025-04-19,29,22,7,,,,1,1,services
R01840,E07,2025-04-19,43,42,4,,,3,1,1,services
R01841,E07,2025-04-19,46,39,8,598,,3,1,2,manufacturing
R01842,E07,2025-04-19,35,54,4,1026,651,6,1,3,retail
R01843,E07,2025-04-19,30,21,6,1889,1382,0,1,2,agriculture
R01844,E07,2025-04-19,37,51,4,,,,1,1,services
R01845,E07,2025-04-19,33,44,4,,,7,1,3,manufacturing
R01846,E07,2025-04-19,25,39,6,,,2,0,3,
R01847,E07,2025-04-19,55,57,5,1074,1038,3,1,1,agriculture
R01848,E07,2025-04-19,42,32,9,,581,2,1,3,services
R01849,E07,2025-04-19,33,28,1,,1090,6,0,1,
R01850,E07,2025-04-19,31,30,5,,,3,1,4,manufacturing
R01851,E07,2025-04-19,31,40,5,,932,4,0,1,
R01852,E07,2025-04-19,4,36,8,,911,,0,4,
R01853,E07,2025-04-19,31,37,2,,1125,5,0,1,
R01854,E07,2025-04-19,253,35,7,,1006,,1,4,retail
R01855,E07,2025-04-20,,19,5,,,5,0,1,
R01856,E07,2025-04-20,30,24,17,,,,1,3,services
,E07,2025-04-20,32,41,5,2668,,,1,2,agriculture
R01858,E07,2025-04-20,52,41,5,,,8,1,3,services
R01859,E07,2025-04-20,38,44,8,,1102,1,1,2,retail
R01860,E07,2025-04-20,45,48,7,,,,1,1,services
R01861,E07,2025-04-20,40,31,9,1314,1133,,0,1,
R01862,E07,2025-04-20,,23,8,,,1,0,3,
R01863,E07,2025-04-21,31,58,5,,,,1,3,government
R01864,E07,2025-04-21,36,34,5,,,2,1,1,government
,E07,2025-04-21,25,33,5,1704,,4,1,2,government
R01866,E07,2025-04-21,,68,5,,782,2,1,2,government
R01867,E07,2025-04-21,47,54,4,,,,0,3,
R01868,E07,2025-04-21,,55,4,,,,1,2,manufacturing
R01869,E07,2025-04-21,39,22,6,,,4,1,2,manufacturing
R01870,E07,2025-04-21,48,52,3,,,4,1,2,government
R01871,E07,2025-04-21,39,40,9,,,7,0,2,
R01872,E07,2025-04-22,43,45,6,,1791,5,1,2,services
R01873,E07,2025-04-22,29,21,4,961,,,1,1,manufacturing
R01874,E07,2025-04-22,51,42,9,,,,1,2,agriculture
R01875,E07,2025-04-22,39,22,7,,,3,0,4,
R01876,E07,2025-04-22,40,27,4,,,6,0,3,
R01877,E07,2025-04-22,,63,5,,,2,1,3,manufacturing
R01878,E07,2025-04-22,33,52,4,,,7,0,1,
R01879,E07,2025-04-22,43,46,6,,,0,1,1,retail
R01880,E07,2025-04-22,,59,3,,696,,1,2,retail
R01881,E07,2025-04-23,34,43,9,960,584,4,1,1,services
,E07,2025-04-23,36,15,5,,,,1,4,manufacturing
,E07,2025-04-23,22,34,1,,,4,1,4,services
R01884,E07,2025-04-23,25,33,6,,,3,1,4,government
R01885,E07,2025-04-23,30,37,5,,,4,1,2,manufacturing
R01886,E07,2025-04-23,41,39,4,,,,1,4,agriculture
R01887,E07,2025-04-23,43,28,6,,,3,0,4,
R01888,E07,2025-04-24,33,39,6,,1878,0,1,2,manufacturing
R01889,E07,2025-04-24,37,37,6,2105,,,1,4,retail
R01890,E07,2025-04-24,51,,10,,,,1,3,government
R01891,E07,2025-04-24,,44,4,,,6,0,4,
R01892,E07,2025-04-24,,19,5,,,2,1,1,retail
R01893,E07,2025-04-24,24,30,2,,,,0,4,
R01894,E07,2025-04-25,38,44,3,,2250,11,0,4,
R01895,E07,2025-04-25,10,43,3,1151,986,3,1,1,retail
R01896,E07,2025-04-25,48,41,5,1659,,7,1,4,agriculture
R01897,E07,2025-04-25,34,19,3,,590,6,0,2,
R01898,E07,2025-04-25,34,37,4,952,1057,6,1,4,agriculture
R01899,E07,2025-04-25,27,31,10,1088,,,1,1,manufacturing
R01900,E07,2025-04-25,33,33,6,,,3,1,4,services
R01901,E07,2025-04-25,25,41,3,,,,0,3,
R01902,E07,2025-04-25,41,45,11,,1122,4,1,4,services
R01903,E07,2025-04-25,,,6,,,5,1,1,retail
R01904,E07,2025-04-25,32,36,6,,493,,0,4,
R01905,E07,2025-04-25,34,36,2,,913,,0,4,
R01906,E07,2025-04-25,41,28,4,,1109,,1,1,manufacturing
R01907,E07,2025-04-26,50,40,7,,,4,0,2,
R01908,E07,2025-04-26,38,39,8,952,,2,1,3,government
R01909,E07,2025-04-26,38,30,3,,,,1,4,retail
R01910,E07,2025-04-26,42,42,8,,1278,4,0,2,
R01911,E07,2025-04-26,29,47,6,,,,0,1,
R01912,E07,2025-04-26,55,34,9,941,,4,1,2,agriculture
R01913,E07,2025-04-26,37,24,5,911,,,1,4,services
R01914,E07,2025-04-26,32,34,6,,,6,1,4,retail
R01915,E07,2025-04-26,3,19,2,973,,1,1,2,government
R01916,E07,2025-04-26,39,46,5,,,3,1,1,manufacturing
R01917,E07,2025-04-27,40,55,5,,,5,0,2,
R01918,E07,2025-04-27,33,27,5,,1306,6,1,2,manufacturing
R01919,E07,2025-04-27,25,18,4,,653,4,0,1,
R01920,E07,2025-04-27,30,38,2,,,,1,3,government
R01921,E07,2025-04-27,46,47,4,1225,,,1,2,agriculture
R01922,E07,2025-04-28,31,68,6,,1107,4,0,2,
R01923,E07,2025-04-28,39,60,4,,,5,1,3,agriculture
R01924,E07,2025-04-28,41,69,8,,,6,1,4,retail
R01925,E07,2025-04-28,36,18,4,,378,5,0,4,
R01926,E07,2025-04-28,32,44,4,1134,843,,1,4,government
R01927,E07,2025-04-28,0,35,5,,,3,1,1,retail
R01928,E07,2025-04-28,27,52,8,1423,1260,4,1,2,retail
R01929,E07,2025-04-28,31,64,7,,,8,1,2,agriculture
R01930,E07,2025-04-28,28,42,4,,968,,1,1,services
R01931,E07,2025-04-28,26,58,7,,,2,1,1,retail
R01932,E07,2025-04-28,39,54,8,,,,0,3,
R01933,E07,2025-04-29,67,49,10,,1382,4,1,1,agriculture
R01934,E07,2025-04-29,46,37,5,,,3,1,2,manufacturing
R01935,E07,2025-04-29,22,24,3,,,3,1,2,government
R01936,E07,2025-04-29,33,52,3,,687,2,0,3,
R01937,E07,2025-04-29,31,22,7,,,2,0,1,
R01938,E07,2025-04-29,49,60,5,,,4,0,3,
R01939,E07,2025-04-29,37,54,11,,881,5,1,4,agriculture
R01940,E07,2025-04-29,35,44,6,,,0,0,1,
R01941,E07,2025-04-29,30,43,4,,,0,1,2,agriculture
R01942,E07,2025-04-29,27,22,2,1190,,,1,3,services
R01943,E07,2025-04-30,41,28,4,,677,,1,2,manufacturing
R01944,E07,2025-04-30,257,56,4,,,,1,1,retail
R01945,E07,2025-04-30,213,56,5,,,,0,1,
R01946,E08,2025-04-01,51,51,9,1695,1260,5,1,3,government
R01947,E08,2025-04-01,48,38,8,906,695,1,1,3,services
R01948,E08,2025-04-01,44,47,7,784,885,,1,3,manufacturing
R01949,E08,2025-04-01,39,50,4,1592,1323,4,1,4,retail
R01950,E08,2025-04-01,39,35,6,,1106,5,0,4,
R01951,E08,2025-04-01,45,36,4,,,2,1,2,retail
R01952,E08,2025-04-01,43,29,7,1060,3308,6,1,3,manufacturing
R01953,E08,2025-04-01,40,38,8,1391,1447,4,1,1,government
R01954,E08,2025-04-01,25,26,6,,544,3,1,1,manufacturing
R01955,E08,2025-04-02,18,54,3,,747,3,0,4,
R01956,E08,2025-04-02,51,34,8,1146,1323,2,1,3,services
R01957,E08,2025-04-02,43,46,9,1031,1014,2,1,2,agriculture
R01958,E08,2025-04-02,37,,6,2312,1984,8,1,3,services
R01959,E08,2025-04-02,34,32,6,,554,2,0,3,
R01960,E08,2025-04-02,,46,4,,783,3,1,3,agriculture
R01961,E08,2025-04-02,45,27,1,985,,2,1,3,services
R01962,E08,2025-04-02,32,24,5,1159,716,5,1,1,manufacturing
R01963,E08,2025-04-02,47,33,11,1685,2046,8,1,3,government
R01964,E08,2025-04-02,,42,9,,1498,3,0,1,
R01965,E08,2025-04-02,30,58,3,836,,6,1,4,manufacturing
R01966,E08,2025-04-02,40,49,6,872,857,5,1,3,government
R01967,E08,2025-04-03,23,43,6,,1472,,0,4,
R01968,E08,2025-04-03,53,40,10,,905,3,0,1,
R01969,E08,2025-04-03,38,18,4,,1255,,0,3,
R01970,E08,2025-04-03,48,20,4,710,647,1,1,3,retail
R01971,E08,2025-04-03,43,46,9,1690,1156,6,1,2,retail
R01972,E08,2025-04-03,40,37,3,1881,1349,5,1,3,agriculture
R01973,E08,2025-04-03,35,41,5,,25778,5,0,3,
R01974,E08,2025-04-03,37,46,4,,1727,4,0,3,
R01975,E08,2025-04-03,39,38,2,,1197,4,0,2,
R01976,E08,2025-04-04,30,18,5,881,574,4,1,4,manufacturing
R01977,E08,2025-04-04,43,52,7,1691,1297,5,1,3,services
R01978,E08,2025-04-04,34,32,5,,989,2,0,3,
R01979,E08,2025-04-04,,33,6,1233,1263,,1,4,manufacturing
R01980,E08,2025-04-04,35,40,6,1943,1222,8,1,3,manufacturing
R01981,E08,2025-04-04,19,38,6,,1598,5,1,2,agriculture
R01982,E08,2025-04-05,,36,6,3724,2974,12,1,1,manufacturing
R01983,E08,2025-04-05,30,34,4,,1348,0,0,4,
R01984,E08,2025-04-05,37,26,4,1270,696,4,1,4,retail
R01985,E08,2025-04-05,30,42,4,1604,,8,1,3,government
R01986,E08,2025-04-05,45,34,10,,994,2,0,3,
R01987,E08,2025-04-05,35,45,8,,885,6,0,2,
R01988,E08,2025-04-05,34,47,9,,1095,2,0,1,
R01989,E08,2025-04-05,34,18,5,,1437,7,0,2,
R01990,E08,2025-04-05,47,42,6,361,388,3,1,1,government
R01991,E08,2025-04-06,18,46,4,693,722,6,1,1,agriculture
R01992,E08,2025-04-06,33,31,6,2164,1881,7,1,1,retail
R01993,E08,2025-04-06,19,27,4,,763,,0,3,
R01994,E08,2025-04-06,34,35,5,1191,1040,,1,1,agriculture
R01995,E08,2025-04-07,45,58,9,696,737,0,1,3,agriculture
R01996,E08,2025-04-07,27,52,9,,2807,9,1,3,manufacturing
R01997,E08,2025-04-07,39,29,5,1074,1130,3,1,2,services
R01998,E08,2025-04-07,48,50,11,425,389,5,1,3,government
R01999,E08,2025-04-07,19,54,2,1147,865,3,1,3,manufacturing
R02000,E08,2025-04-07,28,43,5,2053,2100,3,1,1,agriculture
R02001,E08,2025-04-07,29,25,5,,1264,5,0,1,
R02002,E08,2025-04-07,37,39,6,715,718,5,1,3,retail
R02003,E08,2025-04-07,10,45,3,2467,2545,5,1,2,services
R02004,E08,2025-04-08,39,15,5,1014,781,3,1,2,agriculture
R02005,E08,2025-04-08,34,19,7,1494,1560,5,1,3,retail
R02006,E08,2025-04-08,39,33,9,706,717,3,1,2,agriculture
R02007,E08,2025-04-08,44,41,4,1938,1363,,1,1,agriculture
R02008,E08,2025-04-08,29,35,7,1147,944,4,1,1,government
R02009,E08,2025-04-08,17,54,4,856,791,6,1,4,retail
R02010,E08,2025-04-08,23,18,4,,922,5,1,3,manufacturing
R02011,E08,2025-04-08,39,52,4,,799,3,0,1,
R02012,E08,2025-04-08,41,26,2,,850,7,0,4,
R02013,E08,2025-04-09,28,21,2,,950,3,1,1,government
R02014,E08,,39,45,7,584,783,4,1,3,government
R02015,E08,2025-04-09,17,56,2,1363,1119,5,1,2,manufacturing
R02016,E08,2025-04-09,29,43,4,,1534,4,0,3,
R02017,E08,2025-04-09,37,18,4,,2738,7,0,4,
R02018,E08,2025-04-09,36,24,11,2050,1699,3,1,3,services
R02019,E08,2025-04-10,33,42,6,,1046,6,1,1,agriculture
R02020,E08,2025-04-10,40,57,3,1170,915,2,1,3,government
R02021,E08,2025-04-10,44,42,4,14131,1106,0,1,2,services
R02022,E08,2025-04-10,28,50,6,,682,3,0,2,services
R02023,E08,2025-04-10,32,25,9,,1851,6,1,4,agriculture
R02024,E08,2025-04-10,35,43,4,1655,1371,6,1,1,services
R02025,E08,2025-04-11,34,29,2,15544,1383,0,1,4,retail
R02026,E08,2025-04-11,38,30,10,1789,1235,7,1,2,retail
R02027,E08,2025-04-11,26,35,4,856,726,8,1,4,government
R02028,E08,2025-04-11,44,23,6,1179,4064,5,1,2,retail
R02029,E08,2025-04-11,35,46,2,1244,969,4,1,4,retail
R02030,E08,2025-04-12,32,33,5,,661,7,0,2,
R02031,E08,2025-04-12,37,46,8,,1583,8,1,1,retail
R02032,E08,2025-04-12,29,28,7,,1885,4,0,1,
R02033,E08,2025-04-12,24,18,5,923,620,2,1,4,services
R02034,E08,2025-04-12,27,45,7,919,849,0,1,4,manufacturing
R02035,E08,2025-04-12,43,28,7,453,368,2,1,4,agriculture
R02036,E08,2025-04-12,38,44,5,1062,799,0,1,4,services
R02037,E08,2025-04-13,36,27,5,2164,1660,4,1,1,agriculture
R02038,E08,2025-04-13,52,47,5,1890,1090,3,1,2,retail
R02039,E08,2025-04-13,57,18,4,,,6,0,1,
R02040,E08,2025-04-13,32,45,4,,776,3,0,2,
R02041,E08,2025-04-13,45,26,3,377,213,,1,3,government
R02042,E08,2025-04-13,43,41,4,3342,2308,6,1,4,manufacturing
R02043,E08,2025-04-13,16,46,4,828,856,7,1,3,services
R02044,E08,,25,18,5,2840,1763,8,1,3,government
,E08,2025-04-13,52,48,3,,1494,5,0,3,
R02046,E08,2025-04-13,27,55,6,,3576,3,0,1,
R02047,E08,2025-04-13,36,25,4,910,682,3,1,4,manufacturing
R02048,E08,2025-04-13,31,44,3,,517,5,0,1,
R02049,E08,2025-04-14,41,,9,,906,3,1,1,agriculture
R02050,E08,2025-04-14,36,49,3,,1185,4,0,3,
R02051,E08,2025-04-14,49,71,9,1226,1333,5,1,3,agriculture
R02052,E08,2025-04-14,35,25,8,1887,,7,1,4,services
R02053,E08,2025-04-14,28,41,10,,429,5,0,4,
R02054,E08,2025-04-14,22,67,3,1165,1259,3,1,2,manufacturing
R02055,E08,2025-04-15,39,21,6,3598,3209,10,1,2,retail
R02056,E08,2025-04-15,34,35,5,1620,1001,2,1,3,government
R02057,E08,2025-04-15,39,47,7,1558,1602,5,1,2,manufacturing
R02058,E08,2025-04-15,41,57,5,1182,698,1,1,1,manufacturing
R02059,E08,2025-04-15,34,54,5,,729,2,0,4,
R02060,E08,2025-04-15,46,21,8,1004,840,5,1,2,agriculture
R02061,E08,2025-04-15,24,22,8,1755,1900,4,1,4,government
R02062,E08,2025-04-15,35,42,2,,1112,5,0,4,
R02063,E08,2025-04-15,32,23,5,1643,837,4,1,4,retail
R02064,E08,2025-04-16,36,52,5,3232,3002,11,1,4,government
R02065,E08,2025-04-16,24,35,10,1635,1075,2,1,2,government
R02066,E08,2025-04-16,44,46,4,1711,975,4,1,4,manufacturing
R02067,E08,2025-04-16,29,40,3,,1797,4,0,3,
R02068,E08,2025-04-16,32,34,9,615,664,2,1,3,agriculture
R02069,E08,2025-04-16,29,48,5,,637,1,0,4,
R02070,E08,2025-04-17,43,50,4,,1435,6,0,1,
R02071,E08,2025-04-17,35,42,4,1229,,4,1,1,manufacturing
R02072,E08,2025-04-17,31,32,8,,740,3,0,3,
R02073,E08,2025-04-17,47,18,9,1077,574,6,1,1,retail
R02074,E08,2025-04-17,44,12,3,,674,4,0,1,
R02075,E08,2025-04-17,44,42,7,1974,1539,6,1,1,retail
R02076,E08,2025-04-17,57,34,10,,2254,4,0,3,
R02077,E08,2025-04-17,11,41,3,,,2,1,3,retail
R02078,E08,2025-04-17,34,56,3,,,4,0,4,
R02079,E08,2025-04-17,39,38,5,1814,1283,5,1,4,retail
R02080,E08,2025-04-17,42,34,4,,1179,5,0,4,
R02081,E08,2025-04-17,36,60,5,907,916,5,1,3,services
R02082,E08,2025-04-17,50,31,5,569,380,2,1,3,retail
R02083,E08,2025-04-17,8,47,6,1085,1037,4,1,4,retail
R02084,E08,2025-04-17,24,22,8,1040,1006,7,1,1,services
R02085,E08,2025-04-18,28,15,3,,2495,4,0,1,
R02086,E08,2025-04-18,22,24,4,2022,1104,4,1,1,manufacturing
R02087,E08,2025-04-18,34,20,4,1471,954,9,1,3,services
R02088,E08,2025-04-18,38,27,6,,,3,1,3,services
R02089,E08,2025-04-18,33,36,6,,1127,2,0,1,
R02090,E08,2025-04-18,45,45,9,,848,4,0,2,
R02091,E08,2025-04-18,40,27,6,,969,6,0,2,
R02092,E08,2025-04-18,33,38,8,,932,5,1,3,manufacturing
R02093,E08,2025-04-19,26,43,4,2281,,6,1,2,government
R02094,E08,2025-04-19,28,23,5,1021,677,3,1,1,services
R02095,E08,2025-04-19,31,,7,,845,4,0,2,
R02096,E08,2025-04-19,34,47,8,944,991,3,1,2,government
R02097,E08,2025-04-19,46,21,6,,837,2,0,4,
R02098,E08,2025-04-20,41,34,6,,850,0,0,2,
R02099,E08,2025-04-20,45,45,3,1378,1132,4,1,2,manufacturing
R02100,E08,2025-04-20,48,37,6,2174,1832,5,1,3,agriculture
R02101,E08,2025-04-20,36,60,2,2066,1610,6,1,1,agriculture
R02102,E08,2025-04-21,32,32,6,1267,1073,6,1,4,government
R02103,E08,2025-04-21,34,21,2,573,362,5,1,2,government
R02104,E08,2025-04-21,48,41,3,2134,2569,5,1,4,government
R02105,E08,2025-04-21,36,43,7,1629,1265,5,1,4,agriculture
R02106,E08,2025-04-21,34,29,3,3128,2695,4,1,4,government
R02107,E08,2025-04-21,42,31,6,807,,6,1,1,agriculture
R02108,E08,2025-04-21,41,39,4,,868,7,0,3,
R02109,E08,2025-04-21,19,50,4,,412,6,0,4,
R02110,E08,2025-04-22,47,38,6,733,589,4,1,3,services
R02111,E08,2025-04-22,46,59,4,1107,786,4,1,1,services
R02112,E08,2025-04-22,33,30,6,599,409,1,1,4,government
R02113,E08,2025-04-22,37,50,7,,1301,7,0,2,
R02114,E08,2025-04-22,44,50,3,,1198,3,0,2,
R02115,E08,2025-04-22,28,37,5,1348,1005,4,1,2,services
R02116,E08,2025-04-22,,41,4,1635,1521,4,1,1,agriculture
R02117,E08,2025-04-22,36,32,6,1591,964,4,1,1,retail
R02118,E08,2025-04-23,33,27,3,,733,4,1,4,services
R02119,E08,2025-04-23,27,43,4,1038,997,1,1,3,services
R02120,E08,2025-04-23,,47,9,980,1068,3,1,1,retail
R02121,E08,2025-04-23,26,68,6,952,706,3,1,2,retail
R02122,E08,2025-04-23,27,34,6,851,574,1,1,1,agriculture
R02123,E08,2025-04-24,27,52,6,,1531,4,0,2,
R02124,E08,2025-04-24,16,61,5,1157,1171,4,1,2,agriculture
R02125,E08,2025-04-24,10,35,4,385,426,3,1,3,services
R02126,E08,2025-04-24,41,30,6,1007,,4,1,1,government
R02127,E08,2025-04-24,25,33,8,,1674,5,0,3,
R02128,E08,2025-04-24,28,51,3,,1102,5,0,3,
R02129,E08,2025-04-25,30,37,3,1823,1296,3,1,1,services
R02130,E08,2025-04-25,38,45,7,,768,0,0,4,
R02131,E08,2025-04-25,19,62,5,1401,1598,,1,1,services
R02132,E08,2025-04-25,42,51,4,,715,3,0,3,
R02133,E08,2025-04-25,21,33,8,1843,1753,7,1,1,government
R02134,E08,2025-04-25,36,61,7,,893,1,0,2,
R02135,E08,2025-04-25,38,67,5,,945,3,1,2,government
R02136,E08,2025-04-26,30,49,7,2207,1518,7,1,4,manufacturing
R02137,E08,2025-04-26,34,39,6,1012,988,8,1,1,government
R02138,E08,2025-04-26,35,48,7,,969,5,0,1,
R02139,E08,2025-04-26,47,19,7,1140,906,4,1,1,retail
R02140,E08,2025-04-26,31,22,8,,752,6,0,4,
R02141,E08,2025-04-26,38,39,9,4601,3195,4,1,4,manufacturing
R02142,E08,2025-04-26,26,45,1,1028,,1,1,1,agriculture
R02143,E08,2025-04-26,30,29,4,861,491,1,1,3,manufacturing
R02144,E08,2025-04-26,34,47,5,,534,,0,4,
R02145,E08,2025-04-26,46,54,6,1558,1421,3,1,4,government
R02146,E08,2025-04-26,31,47,5,1970,1511,3,1,1,retail
R02147,E08,2025-04-26,32,38,9,504,551,5,1,4,government
R02148,E08,2025-04-27,29,31,9,982,786,3,1,3,services
R02149,E08,2025-04-27,38,42,4,576,,3,1,4,agriculture
R02150,E08,2025-04-27,40,18,3,,656,6,1,1,services
R02151,E08,2025-04-28,24,25,3,1109,935,3,1,3,agriculture
R02152,E08,2025-04-28,41,37,12,,1263,4,0,3,
R02153,E08,2025-04-28,35,39,4,555,415,2,1,2,retail
R02154,E08,2025-04-28,41,44,4,1860,,4,1,4,manufacturing
R02155,E08,2025-04-28,53,24,4,,793,4,1,4,agriculture
R02156,E08,2025-04-28,17,74,3,439,,5,1,3,government
R02157,E08,2025-04-29,23,30,9,1060,958,3,1,4,manufacturing
R02158,E08,2025-04-29,27,45,2,1647,5183,3,1,2,agriculture
R02159,E08,2025-04-29,,,8,,588,7,0,2,
R02160,E08,2025-04-29,22,29,6,1999,1733,2,1,1,retail
R02161,E08,2025-04-29,38,27,2,1998,1496,,1,4,retail
R02162,E08,2025-04-29,33,44,3,,894,4,0,4,
R02163,E08,2025-04-29,29,53,5,,661,2,0,1,
R02164,E08,2025-04-29,26,57,8,920,584,4,1,1,services
R02165,E08,2025-04-29,39,32,4,,907,3,0,1,
R02166,E08,2025-04-30,41,,4,2062,1287,6,1,2,retail
R02167,E08,2025-04-30,43,60,9,,,8,1,2,retail
R02168,E08,2025-04-30,35,31,7,1441,1131,2,1,1,agriculture
R02169,E08,2025-04-30,53,33,8,,1165,4,0,4,
R02170,E08,2025-04-30,29,31,8,,570,3,1,4,retail
R02171,E08,2025-04-30,28,33,7,1245,1368,3,1,2,agriculture
R02172,E08,2025-04-30,47,37,2,,1293,,1,1,services
R02173,E08,2025-04-30,38,40,6,,610,4,0,1,
R02174,E08,2025-04-30,30,60,3,1239,647,2,1,2,retail
R02175,E08,2025-04-30,36,59,6,1378,1125,1,1,1,agriculture
R02176,E09,2025-04-01,43,36,9,443,,3,1,2,agriculture
R02177,E09,2025-04-01,37,33,10,,971,5,0,4,
R02178,E09,2025-04-01,17,44,3,2423,2086,5,1,4,services
R02179,E09,2025-04-01,32,67,4,2003,1641,3,1,2,services
R02180,E09,2025-04-01,32,30,2,,831,3,0,2,
R02181,E09,2025-04-01,40,18,4,,6703,4,0,2,
R02182,E09,2025-04-01,50,43,9,1676,1243,1,1,1,services
R02183,E09,2025-04-01,19,28,3,1244,765,4,1,4,manufacturing
R02184,E09,2025-04-01,25,47,6,2081,2080,3,1,2,government
R02185,E09,2025-04-02,48,38,4,2067,2313,7,1,1,manufacturing
R02186,E09,2025-04-02,29,41,4,1552,1137,4,1,4,manufacturing
R02187,E09,2025-04-02,38,27,5,,902,2,1,4,agriculture
R02188,E09,2025-04-02,59,50,5,1877,1516,2,1,2,agriculture
R02189,E09,2025-04-02,46,34,5,,564,5,0,3,
R02190,E09,2025-04-02,32,48,3,2067,1916,4,1,4,manufacturing
R02191,E09,2025-04-02,28,30,5,1870,19505,7,1,3,retail
R02192,E09,2025-04-03,48,33,6,1099,1074,6,1,2,manufacturing
R02193,E09,2025-04-03,,47,8,1197,1025,3,1,1,retail
R02194,E09,2025-04-03,36,48,7,1192,1042,2,1,4,retail
R02195,E09,2025-04-04,31,18,3,,,6,0,3,
R02196,E09,2025-04-04,38,46,4,2359,1795,9,1,1,retail
R02197,E09,2025-04-04,40,37,9,1394,1341,5,1,1,retail
R02198,E09,2025-04-04,34,32,3,,493,4,0,3,
R02199,E09,2025-04-04,37,36,4,,1051,6,0,2,
R02200,E09,2025-04-04,28,41,4,1238,,6,1,2,services
R02201,E09,2025-04-04,35,29,5,1171,1023,3,1,1,manufacturing
R02202,E09,2025-04-04,50,34,8,,1556,3,1,4,government
R02203,E09,2025-04-05,38,44,6,,792,2,1,1,agriculture
R02204,E09,2025-04-05,53,59,9,578,688,8,1,3,manufacturing
R02205,E09,2025-04-05,33,45,4,1978,1505,2,1,3,retail
R02206,E09,2025-04-05,38,18,11,,778,3,0,4,
R02207,E09,2025-04-05,37,54,6,1323,829,0,1,1,retail
R02208,E09,2025-04-06,46,66,7,1159,979,6,1,1,government
R02209,E09,2025-04-06,45,27,6,799,787,3,1,1,manufacturing
R02210,E09,2025-04-06,38,38,2,,4171,8,0,3,
R02211,E09,2025-04-06,29,50,6,1448,1317,2,1,3,manufacturing
R02212,E09,2025-04-06,49,52,9,,707,8,0,3,
R02213,E09,2025-04-06,42,19,8,1927,2019,4,1,2,government
R02214,E09,2025-04-06,21,25,2,,1399,1,0,4,
R02215,E09,2025-04-06,32,29,5,,1913,6,0,1,
R02216,E09,2025-04-06,40,48,6,918,973,5,1,4,agriculture
R02217,E09,2025-04-06,41,57,4,,578,5,0,2,
R02218,E09,2025-04-06,25,15,6,1369,1362,6,1,4,manufacturing
R02219,E09,2025-04-07,46,38,5,,2021,6,1,2,government
R02220,E09,2025-04-07,37,33,9,,1462,4,0,3,
R02221,E09,2025-04-07,30,32,10,,,5,0,2,
R02222,E09,2025-04-07,40,31,5,,705,1,1,1,retail
R02223,E09,,36,37,7,1588,1592,3,1,2,agriculture
R02224,E09,2025-04-07,48,44,11,,,3,0,4,
R02225,E09,2025-04-07,45,39,9,2612,1979,6,1,3,manufacturing
R02226,E09,2025-04-07,,53,3,,918,2,0,2,
R02227,E09,2025-04-07,,39,5,,597,1,0,2,
R02228,E09,2025-04-07,39,36,1,2166,9414,4,1,2,agriculture
R02229,E09,2025-04-07,22,28,5,1394,1293,4,1,4,manufacturing
R02230,E09,2025-04-08,32,44,5,1346,1075,4,1,4,services
R02231,E09,2025-04-08,34,,6,,1154,,1,4,manufacturing
R02232,E09,2025-04-08,49,47,6,2000,1305,7,1,4,retail
R02233,E09,2025-04-09,21,32,3,2421,2174,1,1,2,retail
R02234,E09,2025-04-09,26,45,5,,3343,5,0,4,
R02235,E09,2025-04-09,37,30,8,,875,1,0,1,
R02236,E09,2025-04-10,41,55,10,,2625,3,0,1,
R02237,E09,2025-04-10,41,28,3,2505,2453,1,1,4,government
R02238,E09,2025-04-10,26,40,3,,424,,0,1,
R02239,E09,2025-04-10,34,46,4,2106,1507,8,1,2,agriculture
R02240,E09,2025-04-10,36,19,6,3264,2488,4,1,1,government
R02241,E09,2025-04-10,,56,3,,1306,4,0,2,
R02242,E09,2025-04-10,30,47,9,,,6,1,2,agriculture
R02243,E09,2025-04-11,44,56,10,1439,1522,3,1,3,manufacturing
R02244,E09,2025-04-11,39,41,3,,1658,8,0,1,
R02245,E09,2025-04-11,37,41,4,,873,5,0,4,
R02246,E09,2025-04-11,54,52,11,,1473,7,0,4,
R02247,E09,2025-04-11,35,21,5,814,,6,1,3,government
R02248,E09,2025-04-11,31,33,8,,994,4,0,1,
R02249,E09,2025-04-11,18,40,8,,1052,3,0,1,
R02250,E09,2025-04-12,38,30,6,988,1008,5,1,3,retail
R02251,E09,2025-04-12,36,29,8,1817,1655,7,1,4,services
R02252,E09,2025-04-12,40,47,6,2043,1755,6,1,2,agriculture
R02253,E09,2025-04-12,39,,5,1284,952,3,1,3,agriculture
R02254,E09,2025-04-12,23,45,5,1685,1194,,1,3,agriculture
R02255,E09,2025-04-12,31,47,7,1229,1055,0,1,3,government
R02256,E09,2025-04-13,37,45,6,746,736,7,1,3,services
R02257,E09,2025-04-13,30,40,3,1433,902,4,1,1,retail
R02258,E09,2025-04-13,31,,2,,829,7,0,2,
R02259,E09,2025-04-13,36,26,4,21437,1300,0,1,3,manufacturing
R02260,E09,2025-04-13,26,50,2,1060,693,3,1,4,retail
R02261,E09,2025-04-13,26,53,9,,,4,0,2,
R02262,E09,2025-04-13,23,19,7,,1439,6,0,2,
R02263,E09,2025-04-13,29,29,7,701,804,3,1,3,retail
R02264,E09,2025-04-14,41,31,6,1108,1164,4,1,3,agriculture
R02265,E09,2025-04-14,43,34,6,2499,1925,8,1,3,government
R02266,E09,2025-04-14,25,36,3,901,545,5,1,1,government
R02267,E09,2025-04-14,23,47,8,,698,4,0,3,
R02268,E09,2025-04-14,17,33,8,1103,1034,4,1,3,agriculture
R02269,E09,2025-04-14,34,38,2,,634,5,1,4,agriculture
R02270,E09,2025-04-14,34,42,8,1625,1658,7,1,2,services
R02271,E09,2025-04-15,39,60,6,,917,1,0,1,
R02272,E09,2025-04-15,39,29,9,837,901,0,1,3,agriculture
R02273,E09,2025-04-15,37,36,2,506,,4,1,4,manufacturing
R02274,E09,2025-04-15,45,44,4,,903,4,0,1,
R02275,E09,2025-04-15,34,38,6,1045,902,5,1,2,government
R02276,E09,2025-04-15,,18,4,937,785,4,1,4,agriculture
R02277,E09,2025-04-15,35,49,3,,562,4,1,1,agriculture
R02278,E09,2025-04-15,24,35,6,,1463,2,0,2,
R02279,E09,2025-04-15,36,29,5,,,4,0,3,
R02280,E09,2025-04-15,40,48,9,2302,1619,4,1,3,services
R02281,E09,2025-04-15,35,36,9,1487,1924,6,1,4,government
R02282,E09,2025-04-15,30,18,6,1518,1191,2,1,2,services
R02283,E09,2025-04-15,23,18,3,526,407,5,1,3,manufacturing
R02284,E09,2025-04-16,32,31,6,739,615,3,1,3,agriculture
R02285,E09,2025-04-16,,33,2,2504,1725,3,1,3,government
R02286,E09,2025-04-16,21,27,4,,1289,3,0,2,
R02287,E09,2025-04-16,37,43,9,,1314,44,0,3,
R02288,E09,2025-04-16,38,48,4,829,970,2,1,2,manufacturing
R02289,E09,2025-04-16,32,18,8,2191,2066,10,1,1,agriculture
R02290,E09,2025-04-16,38,54,11,,1379,8,0,2,
R02291,E09,2025-04-16,34,18,7,1055,794,6,1,3,manufacturing
R02292,E09,2025-04-16,53,29,5,1517,1235,5,1,1,services
R02293,E09,2025-04-17,25,32,5,,702,2,0,2,
R02294,E09,2025-04-17,29,49,6,713,700,6,1,2,retail
R02295,E09,2025-04-17,42,36,6,1117,1110,4,1,1,government
R02296,E09,2025-04-17,34,45,8,,938,0,0,2,
R02297,E09,2025-04-17,31,,8,,1069,7,0,3,
R02298,E09,2025-04-17,31,45,6,1894,1861,8,1,3,services
R02299,E09,2025-04-17,35,47,2,1643,1190,,1,3,retail
R02300,E09,2025-04-17,44,28,4,401,297,2,1,4,services
R02301,E09,2025-04-17,45,34,4,1342,987,5,1,4,agriculture
R02302,E09,2025-04-18,39,59,5,992,1026,0,1,1,services
R02303,E09,2025-04-18,45,46,6,599,,5,1,2,government
R02304,E09,2025-04-18,51,31,3,,814,7,1,3,agriculture
R02305,E09,2025-04-18,35,40,6,1625,1220,5,1,2,retail
R02306,E09,2025-04-18,44,28,3,1015,700,6,1,3,manufacturing
R02307,E09,2025-04-18,39,49,10,,587,3,1,4,agriculture
R02308,E09,2025-04-18,41,28,8,,841,1,0,4,
R02309,E09,2025-04-18,33,35,5,1055,807,5,1,3,retail
R02310,E09,2025-04-18,22,30,5,,900,2,1,1,services
R02311,E09,2025-04-19,33,29,3,735,690,5,1,4,services
R02312,E09,2025-04-19,37,44,3,1225,830,5,1,1,services
R02313,E09,2025-04-19,35,41,8,1292,891,,1,3,government
R02314,E09,2025-04-19,31,49,10,,673,3,0,1,
R02315,E09,2025-04-20,32,31,2,1066,755,2,1,4,government
R02316,E09,2025-04-20,38,46,8,,811,4,0,3,
R02317,E09,2025-04-20,37,41,6,1420,1150,5,1,4,government
R02318,E09,2025-04-20,43,38,6,1241,1073,6,1,1,manufacturing
R02319,E09,2025-04-20,44,22,7,996,711,7,1,4,retail
R02320,E09,2025-04-20,27,44,3,,611,6,0,1,
R02321,E09,2025-04-21,41,28,4,,769,6,0,4,
R02322,E09,2025-04-21,31,38,9,1570,1521,3,1,4,services
R02323,E09,2025-04-22,35,64,6,1832,1154,7,1,4,retail
R02324,E09,2025-04-22,15,41,5,,644,4,0,2,
R02325,E09,2025-04-22,27,31,6,822,505,4,1,4,services
R02326,E09,2025-04-22,32,42,6,2849,2258,6,1,1,services
R02327,E09,2025-04-22,32,45,4,,,5,0,3,
R02328,E09,2025-04-22,23,47,6,3410,2916,5,1,4,manufacturing
R02329,E09,2025-04-22,19,43,6,1744,1634,3,1,1,manufacturing
R02330,E09,2025-04-22,41,48,7,1418,1079,0,1,4,agriculture
R02331,E09,2025-04-22,21,55,4,2242,1503,5,1,3,government
R02332,E09,2025-04-22,37,25,6,1647,1588,6,1,2,agriculture
R02333,E09,2025-04-22,50,49,2,2645,2211,,1,3,government
R02334,E09,2025-04-22,32,26,2,,476,0,0,1,
R02335,E09,2025-04-22,34,18,7,957,595,5,1,3,retail
R02336,E09,2025-04-22,37,45,3,823,892,4,1,4,services
R02337,E09,2025-04-23,45,42,9,,1481,1,1,4,agriculture
R02338,E09,2025-04-23,47,41,2,631,425,2,1,1,services
R02339,E09,2025-04-23,36,59,7,2069,,6,1,1,manufacturing
R02340,E09,2025-04-23,38,35,3,1339,1221,5,1,2,services
R02341,E09,2025-04-23,34,20,4,1852,1042,2,1,3,services
R02342,E09,2025-04-23,27,53,4,822,900,,1,3,agriculture
R02343,E09,2025-04-23,32,69,6,465,512,8,1,1,retail
,E09,2025-04-23,33,58,3,2649,1750,,1,2,agriculture
R02345,E09,2025-04-24,53,58,9,1438,1012,8,1,2,retail
R02346,E09,2025-04-24,37,35,8,862,,0,1,3,services
R02347,E09,2025-04-24,31,18,4,1365,1224,4,1,3,agriculture
R02348,E09,2025-04-24,40,34,10,972,712,,1,3,manufacturing
R02349,E09,2025-04-24,57,27,9,1584,1268,5,1,3,services
R02350,E09,2025-04-24,35,18,7,,,4,0,4,
R02351,E09,2025-04-24,21,28,4,554,411,4,1,2,agriculture
R02352,E09,2025-04-24,36,60,4,652,348,5,1,2,manufacturing
R02353,E09,2025-04-24,24,42,3,,673,6,0,1,
R02354,E09,2025-04-24,39,48,3,1476,1372,5,1,1,agriculture
R02355,E09,2025-04-24,25,48,1,,886,5,0,1,
R02356,E09,2025-04-24,33,27,5,1836,,4,1,3,services
R02357,E09,2025-04-24,47,68,5,2261,1545,5,1,4,retail
R02358,E09,2025-04-24,28,18,7,2164,1686,4,1,3,manufacturing
R02359,E09,2025-04-25,36,18,7,,1013,3,0,1,
R02360,E09,2025-04-25,31,42,8,,2129,5,0,1,
R02361,E09,2025-04-25,52,20,6,462,437,6,1,2,manufacturing
R02362,E09,2025-04-25,43,33,8,866,940,,1,2,manufacturing
R02363,E09,2025-04-25,26,34,4,,602,4,0,4,
R02364,E09,2025-04-25,34,32,5,,808,0,1,1,agriculture
R02365,E09,,34,43,4,1393,1147,3,1,4,government
R02366,E09,2025-04-25,36,56,8,1893,1007,6,1,1,agriculture
R02367,E09,2025-04-26,54,40,7,,,4,0,1,
R02368,E09,2025-04-26,47,41,6,1805,1284,5,1,3,agriculture
R02369,E09,2025-04-26,23,26,5,702,373,1,1,1,agriculture
R02370,E09,2025-04-26,31,85,6,,1943,5,0,2,agriculture
R02371,E09,2025-04-26,37,18,8,939,535,2,1,2,manufacturing
R02372,E09,2025-04-26,37,29,10,1440,1455,6,1,1,agriculture
R02373,E09,2025-04-26,,61,5,944,690,4,1,3,retail
R02374,E09,2025-04-26,23,33,3,904,732,2,1,2,retail
R02375,E09,2025-04-26,19,51,15,,944,4,0,2,
R02376,E09,2025-04-26,30,40,4,935,830,4,1,1,agriculture
R02377,E09,2025-04-26,36,32,5,,4916,5,0,1,
R02378,E09,2025-04-27,35,29,6,2066,1577,0,1,2,services
R02379,E09,2025-04-27,42,48,4,1160,811,5,1,1,agriculture
R02380,E09,2025-04-27,40,18,8,,832,4,0,4,
R02381,E09,2025-04-27,44,30,3,916,876,3,1,2,government
R02382,E09,2025-04-27,22,41,3,1732,1886,5,1,1,manufacturing
R02383,E09,2025-04-27,44,41,10,,650,4,0,4,
R02384,E09,2025-04-28,37,34,7,,753,,1,2,government
R02385,E09,2025-04-28,45,25,8,1313,1200,4,1,3,agriculture
R02386,E09,2025-04-28,48,38,12,993,784,7,1,2,government
R02387,E09,2025-04-28,48,52,5,,1567,4,0,3,
R02388,E09,2025-04-29,40,37,4,1365,1183,4,1,1,agriculture
R02389,E09,2025-04-29,32,66,4,749,752,2,1,1,government
R02390,E09,2025-04-29,26,42,3,608,394,2,1,3,government
R02391,E09,2025-04-29,36,56,11,1267,966,6,1,4,services
R02392,E09,2025-04-29,33,18,4,,1721,3,0,4,
R02393,E09,2025-04-29,48,47,2,1579,1306,2,1,1,government
R02394,E09,2025-04-29,32,13,2,,577,7,0,3,
R02395,E09,2025-04-29,46,32,5,1711,1750,8,1,4,agriculture
R02396,E09,2025-04-30,38,20,3,968,,3,1,1,agriculture
R02397,E09,2025-04-30,48,34,10,1448,1416,2,1,4,retail
R02398,E09,2025-04-30,42,20,5,,906,0,0,2,
R02399,E09,2025-04-30,33,56,5,2020,1639,3,1,2,services
R02400,E09,2025-04-30,29,67,6,1254,1000,6,1,4,agriculture
R02401,E10,2025-04-01,35,52,7,831,870,1,1,4,government
R02402,E10,2025-04-01,41,45,2,3438,3045,9,1,3,government
R02403,E10,2025-04-01,35,36,7,1689,,3,1,4,government
R02404,E10,2025-04-01,56,30,10,1294,1376,6,1,2,government
R02405,E10,2025-04-01,46,41,8,677,722,7,1,3,government
R02406,E10,2025-04-01,45,44,8,730,801,4,1,2,agriculture
R02407,E10,2025-04-01,35,25,6,1139,1223,5,1,1,agriculture
R02408,E10,2025-04-01,44,62,12,1315,1080,4,1,1,manufacturing
R02409,E10,2025-04-01,35,53,4,1376,1255,4,1,3,manufacturing
R02410,E10,2025-04-01,24,56,3,1297,1227,4,1,1,agriculture
R02411,E10,2025-04-02,24,23,4,1394,1169,4,1,4,government
R02412,E10,2025-04-02,35,51,4,1883,1709,5,1,4,government
R02413,E10,2025-04-02,40,57,4,742,582,4,1,3,retail
R02414,E10,2025-04-02,23,31,4,800,2597,2,1,1,government
R02415,E10,2025-04-02,42,25,8,,310,2,0,1,
R02416,E10,2025-04-02,19,,11,1419,845,4,1,3,government
R02417,E10,2025-04-02,30,67,8,1611,1591,5,1,1,agriculture
R02418,E10,2025-04-02,43,45,4,807,451,3,1,3,manufacturing
R02419,E10,2025-04-03,3,43,11,,1633,7,1,2,services
R02420,E10,2025-04-03,33,43,3,,1413,6,0,4,
R02421,E10,2025-04-03,29,24,6,,905,1,0,4,
R02422,E10,2025-04-03,29,55,10,551,730,3,1,4,government
R02423,E10,2025-04-03,37,45,4,1444,1187,5,1,2,retail
R02424,E10,2025-04-03,29,35,6,581,534,2,1,3,government
R02425,E10,2025-04-03,41,43,6,919,761,2,1,4,retail
R02426,E10,2025-04-03,36,67,3,1284,870,7,1,3,services
R02427,E10,2025-04-04,46,37,10,,846,5,1,1,manufacturing
R02428,E10,2025-04-04,41,36,7,,1066,4,0,3,
R02429,E10,2025-04-04,42,20,7,,472,,0,1,
R02430,E10,2025-04-04,38,45,9,,1259,3,0,3,
R02431,E10,2025-04-04,45,20,9,1017,1121,2,1,4,services
R02432,E10,2025-04-05,41,40,11,,1194,,0,4,
R02433,E10,2025-04-05,25,37,5,1138,916,2,1,2,manufacturing
R02434,E10,2025-04-05,51,35,6,1117,1119,3,1,3,retail
R02435,E10,2025-04-05,27,45,7,400,468,5,1,1,services
R02436,E10,2025-04-05,22,29,6,1859,1399,6,1,2,agriculture
R02437,E10,2025-04-05,29,67,10,1375,,2,1,1,government
R02438,E10,2025-04-05,34,24,4,,761,4,1,4,retail
R02439,E10,2025-04-06,41,55,7,1781,1293,4,1,4,services
R02440,E10,2025-04-06,26,45,3,852,792,4,1,4,retail
R02441,E10,2025-04-06,30,37,3,,947,4,1,3,government
R02442,E10,2025-04-06,34,54,8,583,,3,1,3,retail
R02443,E10,2025-04-07,40,50,11,894,1000,2,1,4,agriculture
R02444,E10,2025-04-07,59,55,8,3177,1623,6,1,2,services
R02445,E10,2025-04-07,8,41,3,1380,692,8,1,3,manufacturing
R02446,E10,2025-04-07,34,30,3,1088,977,2,1,3,government
R02447,E10,2025-04-07,34,22,9,1302,994,6,1,1,retail
R02448,E10,2025-04-07,41,40,2,1320,1199,6,1,3,agriculture
R02449,E10,2025-04-07,33,21,11,1624,1298,,1,4,manufacturing
R02450,E10,2025-04-07,48,43,7,1057,888,5,1,1,retail
R02451,E10,2025-04-07,32,57,4,1176,1063,7,1,3,services
R02452,E10,,25,53,3,1335,,1,1,4,government
R02453,E10,2025-04-08,29,44,2,1040,830,0,1,1,services
R02454,E10,2025-04-08,41,29,3,904,765,3,1,3,government
R02455,E10,2025-04-08,31,31,6,2171,1515,4,1,3,manufacturing
R02456,E10,2025-04-08,50,18,3,938,652,3,1,3,retail
R02457,E10,2025-04-08,29,34,5,1944,1581,8,1,2,agriculture
R02458,E10,2025-04-08,,58,7,1092,559,9,1,2,retail
R02459,E10,2025-04-08,29,23,10,720,790,3,1,4,services
R02460,E10,2025-04-09,26,15,4,,719,5,0,4,
R02461,E10,2025-04-09,29,50,4,,,4,0,1,
R02462,E10,2025-04-09,32,54,5,985,846,5,1,3,government
R02463,E10,2025-04-09,47,38,4,1514,1199,4,1,2,services
R02464,E10,2025-04-09,21,43,4,,1314,3,0,4,
R02465,E10,2025-04-09,40,38,12,1034,991,7,1,1,manufacturing
R02466,E10,2025-04-10,40,32,8,,1469,4,0,3,
R02467,E10,2025-04-10,26,39,5,,2990,4,0,2,
R02468,E10,2025-04-10,41,38,4,482,310,0,1,2,government
R02469,E10,2025-04-10,60,32,9,2005,1078,2,1,2,manufacturing
R02470,E10,2025-04-10,26,50,7,1311,1231,,1,3,government
R02471,E10,2025-04-10,36,42,5,888,982,4,1,4,government
R02472,E10,2025-04-10,28,55,3,,1135,3,1,1,manufacturing
R02473,E10,2025-04-10,33,44,8,832,688,3,1,2,agriculture
R02474,E10,2025-04-10,33,33,6,725,706,0,1,3,retail
R02475,E10,2025-04-10,53,57,3,1476,1135,6,1,1,government
R02476,E10,2025-04-11,29,30,7,,1683,7,0,1,
R02477,E10,,27,22,4,,672,0,0,1,
R02478,E10,2025-04-11,18,31,4,824,601,3,1,3,agriculture
R02479,E10,2025-04-11,39,19,4,,1522,6,0,4,
R02480,E10,2025-04-11,39,27,5,,781,3,0,1,
R02481,E10,2025-04-11,45,64,5,1030,622,2,1,2,manufacturing
R02482,E10,2025-04-11,35,34,5,1636,813,5,1,1,retail
R02483,E10,2025-04-11,33,31,11,,944,0,1,3,government
R02484,E10,2025-04-11,37,41,4,,880,6,0,2,
R02485,E10,2025-04-12,58,,7,785,549,3,1,3,services
R02486,E10,2025-04-12,53,39,4,,614,3,0,4,
R02487,E10,2025-04-12,42,20,7,,,6,0,2,
R02488,E10,2025-04-12,26,41,3,,,5,0,2,
R02489,E10,2025-04-12,35,37,6,1729,1324,7,1,2,manufacturing
R02490,E10,2025-04-12,18,36,2,,799,7,0,4,
R02491,E10,2025-04-12,34,39,3,803,646,2,1,1,government
R02492,E10,2025-04-12,31,37,5,1541,1158,6,1,1,services
R02493,E10,2025-04-12,26,53,5,1217,1027,,1,4,manufacturing
R02494,E10,2025-04-13,21,33,6,,1015,5,0,2,
R02495,E10,2025-04-13,32,45,4,936,765,7,1,3,services
R02496,E10,2025-04-13,33,36,4,675,,,1,1,agriculture
R02497,E10,2025-04-13,38,64,5,2409,,5,1,2,services
R02498,E10,2025-04-13,1,26,4,1116,550,4,1,3,services
R02499,E10,2025-04-13,26,30,7,,,3,0,1,retail
R02500,E10,2025-04-13,31,24,6,587,623,2,1,2,government
R02501,E10,2025-04-13,45,45,8,706,662,2,1,4,services
R02502,E10,2025-04-14,31,66,3,1208,997,2,1,2,services
R02503,E10,2025-04-15,30,18,5,1052,,6,1,2,government
R02504,E10,2025-04-15,18,33,11,917,670,5,1,4,agriculture
R02505,E10,2025-04-15,53,,9,1171,990,,1,1,government
R02506,E10,2025-04-15,40,43,5,1751,2131,9,1,4,services
R02507,E10,2025-04-15,,,5,,3198,4,0,1,
R02508,E10,2025-04-15,36,28,5,,573,2,0,3,
R02509,E10,2025-04-15,25,45,4,,764,4,1,3,government
R02510,E10,2025-04-16,49,49,9,1436,966,6,1,3,government
R02511,E10,2025-04-16,24,51,3,3417,1638,7,1,1,manufacturing
R02512,E10,2025-04-16,40,31,4,403,354,5,1,2,agriculture
R02513,E10,2025-04-16,41,48,6,1145,718,0,1,3,services
R02514,E10,2025-04-16,33,18,6,560,715,4,1,1,manufacturing
R02515,E10,2025-04-16,35,37,3,1029,708,3,1,2,retail
R02516,E10,2025-04-16,35,47,5,2535,2813,8,1,3,government
R02517,E10,2025-04-17,31,52,9,,2007,,1,2,services
R02518,E10,2025-04-17,59,31,2,1562,1457,8,1,3,services
R02519,E10,2025-04-17,11,54,8,1016,1063,2,1,4,services
R02520,E10,2025-04-17,34,43,7,715,651,3,1,4,retail
R02521,E10,2025-04-18,37,31,5,1193,1184,6,1,1,retail
R02522,E10,2025-04-18,32,49,5,712,663,7,1,2,agriculture
R02523,E10,2025-04-18,36,18,6,,867,3,0,2,
R02524,E10,2025-04-18,36,26,10,2289,1902,5,1,2,agriculture
R02525,E10,2025-04-18,26,35,4,883,891,7,1,4,retail
R02526,E10,2025-04-18,39,38,6,1545,1292,5,1,1,services
R02527,E10,2025-04-18,33,51,3,910,769,5,1,1,agriculture
R02528,E10,2025-04-18,31,37,3,,2300,3,0,4,
R02529,E10,2025-04-19,42,40,2,,,1,0,4,
R02530,E10,2025-04-19,28,43,4,,726,6,0,4,
R02531,E10,2025-04-19,31,32,2,1354,1002,,1,2,manufacturing
R02532,E10,2025-04-19,35,20,3,,454,0,0,3,
R02533,E10,2025-04-19,35,29,5,1129,1176,6,1,4,government
R02534,E10,2025-04-20,38,46,10,588,623,6,1,2,retail
R02535,E10,2025-04-20,14,48,7,2099,2366,4,1,3,manufacturing
R02536,E10,2025-04-20,38,44,6,1114,955,2,1,4,manufacturing
R02537,E10,2025-04-20,28,42,3,2527,2378,5,1,3,manufacturing
R02538,E10,2025-04-20,38,53,3,627,541,2,1,2,services
R02539,E10,2025-04-20,36,56,1,706,514,4,1,4,agriculture
R02540,E10,2025-04-20,36,48,9,1225,911,8,1,2,services
R02541,E10,2025-04-21,28,31,9,,,5,0,4,
R02542,E10,2025-04-21,25,27,7,1496,1617,7,1,4,government
R02543,E10,2025-04-21,31,36,6,,857,5,0,3,
R02544,E10,2025-04-21,32,44,9,333,368,,1,1,agriculture
R02545,E10,2025-04-21,34,52,3,2644,2530,5,1,2,government
R02546,E10,2025-04-22,44,35,8,,,2,0,1,
R02547,E10,2025-04-22,27,64,10,773,673,4,1,4,services
R02548,E10,2025-04-22,35,35,3,,969,6,0,3,
R02549,E10,2025-04-22,38,34,9,2864,1905,5,1,1,retail
R02550,E10,2025-04-22,35,63,6,1161,641,1,1,2,retail
R02551,E10,2025-04-22,41,51,6,1064,739,5,1,3,government
R02552,E10,2025-04-22,46,23,2,1141,605,4,1,3,retail
R02553,E10,2025-04-22,34,42,4,1015,984,3,1,3,agriculture
R02554,E10,2025-04-23,22,48,3,870,,6,1,2,government
R02555,E10,2025-04-23,34,43,6,,2396,4,0,3,
R02556,E10,2025-04-23,42,54,5,,611,4,0,4,
R02557,E10,2025-04-23,,29,7,1533,,4,1,3,retail
R02558,E10,2025-04-23,36,63,6,,2222,5,0,3,
R02559,E10,2025-04-23,23,31,7,1473,1191,3,1,4,manufacturing
R02560,E10,2025-04-24,28,83,5,1528,1456,5,1,4,manufacturing
R02561,E10,2025-04-24,25,18,3,708,641,4,1,4,agriculture
R02562,E10,2025-04-24,31,37,6,1070,1063,2,1,1,manufacturing
R02563,E10,2025-04-24,33,43,6,409,285,5,1,4,services
R02564,E10,2025-04-24,,31,6,414,437,8,1,4,government
R02565,E10,2025-04-24,25,46,6,3264,2786,6,1,4,agriculture
R02566,E10,2025-04-24,41,44,8,1485,5410,4,1,4,government
R02567,E10,2025-04-24,25,61,5,755,753,6,1,2,agriculture
R02568,E10,2025-04-25,33,44,10,1925,1558,4,1,2,services
R02569,E10,2025-04-25,40,44,11,1417,1342,3,1,2,retail
R02570,E10,2025-04-25,33,39,6,,1080,5,0,2,
R02571,E10,2025-04-25,23,41,7,1775,2048,2,1,1,retail
R02572,E10,2025-04-25,38,32,4,,767,2,0,2,
R02573,E10,2025-04-25,10,39,3,606,534,3,1,1,manufacturing
R02574,E10,2025-04-25,46,40,3,,683,2,0,1,
R02575,E10,2025-04-26,33,29,3,,1508,6,0,1,
R02576,E10,2025-04-26,26,34,7,695,689,3,1,1,government
R02577,E10,2025-04-26,56,41,7,1702,859,2,1,1,services
R02578,E10,2025-04-26,56,26,4,1274,987,4,1,1,government
R02579,E10,2025-04-26,,32,8,,1177,1,0,4,
R02580,E10,2025-04-26,34,39,2,1217,,4,1,3,retail
R02581,E10,2025-04-26,,28,5,2081,1573,4,1,3,agriculture
R02582,E10,2025-04-26,23,38,7,1118,913,3,1,4,services
R02583,E10,2025-04-27,,58,5,,811,0,0,2,
R02584,E10,2025-04-27,40,30,7,1430,933,4,1,1,services
R02585,E10,2025-04-27,39,42,4,1171,775,4,1,1,agriculture
R02586,E10,2025-04-27,25,27,5,,540,0,1,4,agriculture
R02587,E10,2025-04-27,36,48,3,1936,1199,2,1,2,manufacturing
R02588,E10,2025-04-27,52,39,6,,1239,3,0,4,
R02589,E10,2025-04-27,11,55,5,,2204,6,1,2,manufacturing
R02590,E10,2025-04-27,38,40,7,1551,1956,6,1,4,services
R02591,E10,2025-04-27,36,23,7,713,739,5,1,2,agriculture
R02592,E10,2025-04-27,36,60,6,704,537,5,1,4,services
R02593,E10,2025-04-27,32,53,3,,1787,1,0,2,
R02594,E10,2025-04-28,30,33,3,1418,1238,5,1,1,services
R02595,E10,2025-04-28,31,19,4,1446,1111,8,1,4,government
R02596,E10,2025-04-28,35,34,6,,1836,,0,4,
R02597,E10,2025-04-28,27,50,5,1616,1528,7,1,4,agriculture
R02598,E10,2025-04-28,38,54,6,,861,0,0,3,
R02599,E10,2025-04-28,32,54,7,1039,851,2,1,4,government
R02600,E10,2025-04-28,36,46,5,720,602,3,1,3,government
R02601,E10,2025-04-28,28,55,4,688,593,4,1,2,government
R02602,E10,2025-04-28,32,18,3,862,727,2,1,1,services
R02603,E10,2025-04-29,50,28,4,654,630,0,1,1,government
R02604,E10,2025-04-29,23,53,5,380,321,3,1,2,services
R02605,E10,2025-04-29,35,44,3,,936,6,0,4,
R02606,E10,2025-04-29,39,43,7,1152,1082,1,1,1,retail
R02607,E10,2025-04-29,37,30,4,764,726,5,1,1,retail
R02608,E10,2025-04-30,37,29,11,1260,1111,3,1,4,government
R02609,E10,2025-04-30,31,44,5,791,780,3,1,3,services
R02610,E10,2025-04-30,43,37,8,1059,723,5,1,1,retail
R02611,E10,2025-04-30,50,47,3,1462,,4,1,4,manufacturing
R02612,E10,2025-04-30,30,61,3,,1627,6,0,4,
R02613,E10,2025-04-30,16,50,5,1569,1576,5,1,4,services
R02614,E10,2025-04-30,38,35,23,1513,1283,4,1,4,government
R02615,E10,2025-04-30,27,37,4,643,496,4,1,3,services
,E10,2025-04-30,38,55,5,,2426,6,0,2,
R02617,E10,2025-04-30,46,48,8,573,598,3,1,1,retail
R02618,E10,2025-04-30,44,65,11,3425,2175,6,1,1,government
R02619,E10,2025-04-30,54,42,9,1085,1085,5,1,1,government
R02620,E10,2025-04-30,35,54,3,1610,1459,8,1,2,government
R02543,E11,2025-04-01,44,47,4,1301,,4,1,4,retail
R04260,E11,2025-04-01,35,43,3,,878,4,0,3,
R01473,E11,2025-04-01,40,27,5,613,631,1,1,3,government
R02624,E11,2025-04-01,31,49,3,,1491,4,0,1,
R02625,E11,2025-04-02,46,18,7,1230,925,4,1,1,manufacturing
R02626,E11,,43,59,7,551,471,,1,1,manufacturing
R02627,E11,2025-04-02,38,38,10,,1544,10,0,2,
R02628,E11,2025-04-02,40,25,5,1800,1955,5,1,2,manufacturing
R02629,E11,2025-04-02,39,44,6,1483,1458,4,1,2,agriculture
R02630,E11,2025-04-02,36,48,3,675,745,1,1,4,manufacturing
R02631,E11,2025-04-02,21,24,19,840,726,2,1,1,agriculture
R02632,E11,2025-04-02,39,18,8,,1026,7,1,2,government
R02633,E11,2025-04-02,26,49,4,,,,0,4,
R02634,E11,2025-04-03,23,29,6,1214,766,3,1,4,retail
R02635,E11,2025-04-03,310,35,8,2137,2531,4,1,3,retail
R02636,E11,2025-04-03,19,28,6,,1027,2,0,4,
R02637,E11,2025-04-03,37,41,10,,1327,9,1,1,agriculture
R02638,E11,2025-04-03,31,45,6,2418,1686,7,1,4,government
R02639,E11,2025-04-03,38,27,9,,665,0,0,3,
R02640,E11,2025-04-03,40,65,8,632,644,5,1,4,government
R02641,E11,2025-04-03,30,36,7,778,672,3,1,4,manufacturing
R02642,E11,2025-04-03,32,26,4,,926,1,0,1,
R02643,E11,2025-04-03,34,,5,653,662,0,1,3,retail
R02644,E11,2025-04-04,26,39,8,1311,866,4,1,4,government
R02645,E11,2025-04-04,39,47,2,386,352,2,1,3,government
R02646,E11,2025-04-04,28,18,5,979,997,4,1,1,manufacturing
R02647,E11,2025-04-04,34,18,1,1960,13502,9,1,2,government
R02648,E11,2025-04-05,46,40,7,1730,1667,2,1,2,retail
R02649,E11,2025-04-05,40,47,8,899,1107,2,1,3,retail
R02650,E11,2025-04-05,36,65,5,,932,6,0,4,
R02651,E11,2025-04-05,40,33,3,2118,2061,3,1,3,government
R02652,E11,2025-04-06,29,65,6,,1478,1,0,3,
R02653,E11,2025-04-06,34,49,9,,2017,2,0,2,
R02654,E11,2025-04-06,26,50,9,950,982,3,1,3,agriculture
R02655,E11,2025-04-06,29,38,2,986,655,2,1,2,manufacturing
R02656,E11,2025-04-06,43,50,8,16172,1402,0,1,4,agriculture
R02657,E11,2025-04-06,47,68,5,,361,0,0,4,
R02658,E11,2025-04-06,12,45,4,466,412,1,1,2,retail
R02659,E11,2025-04-06,32,23,5,2698,,5,1,1,services
R02660,E11,2025-04-06,,61,6,,1508,7,0,3,
R02661,E11,2025-04-07,24,43,4,27334,1748,4,1,2,retail
R02662,E11,2025-04-07,43,49,7,1462,1084,3,1,1,services
R02663,E11,2025-04-07,39,34,8,753,943,4,1,2,agriculture
R02664,E11,2025-04-07,33,28,7,1036,866,5,1,4,services
R02665,E11,2025-04-08,41,42,9,,1427,0,0,3,agriculture
R02666,E11,2025-04-08,34,30,5,,573,5,0,3,
R02667,E11,2025-04-08,36,53,4,,899,7,0,1,
R02668,E11,2025-04-09,17,18,4,,836,5,0,4,retail
R02669,E11,2025-04-09,32,34,4,,18612,3,0,1,
R02670,E11,2025-04-09,42,25,10,,739,3,0,1,
R02671,E11,2025-04-09,50,23,7,,1031,6,0,1,
R02672,E11,2025-04-09,27,34,6,685,722,5,1,2,agriculture
R02673,E11,2025-04-09,45,54,3,,1455,1,0,3,
R02674,E11,2025-04-09,20,55,2,1277,982,7,1,3,government
R02675,E11,,33,46,4,,951,3,0,4,
R02676,E11,2025-04-10,36,67,3,,751,,0,1,
R02677,E11,2025-04-10,34,35,7,1570,1494,5,1,3,services
R02678,E11,2025-04-10,42,54,5,,923,3,0,1,
R02679,E11,2025-04-10,56,54,9,,1176,6,0,4,
R02680,E11,2025-04-10,42,70,9,,1177,7,0,1,
R02681,E11,2025-04-11,48,41,4,781,2729,5,1,4,services
R02682,E11,2025-04-11,49,,4,625,589,0,1,2,agriculture
R02683,E11,2025-04-11,28,31,10,1583,1434,4,1,4,services
R02684,E11,2025-04-11,26,52,5,3356,2045,2,1,2,manufacturing
R02685,E11,2025-04-11,41,,8,,1165,5,0,4,
R02686,E11,2025-04-11,24,46,4,,1059,4,0,2,
R02687,E11,2025-04-11,44,25,9,,757,4,0,4,
R02688,E11,2025-04-11,34,34,7,,1771,5,0,4,
R02689,E11,2025-04-11,35,27,5,,817,2,0,3,
R02690,E11,2025-04-11,26,47,4,,1026,5,0,4,
R02691,E11,2025-04-11,30,58,3,878,845,3,1,1,retail
R02692,E11,2025-04-12,20,48,6,,2571,5,0,1,
R02693,E11,2025-04-12,32,49,2,1448,1139,1,1,4,manufacturing
R02694,E11,2025-04-12,24,39,4,938,516,3,1,4,agriculture
R02695,E11,2025-04-12,42,24,3,3122,3182,6,1,2,retail
R02696,E11,2025-04-12,40,54,4,2106,7933,8,1,3,government
R02697,E11,2025-04-12,42,29,6,15307,1099,0,1,3,services
R02698,E11,2025-04-12,38,41,5,,1317,7,0,1,
R02699,E11,2025-04-13,33,39,4,,1627,6,0,2,
R02700,E11,2025-04-13,29,42,3,,782,3,0,4,
R02701,E11,2025-04-13,38,36,5,902,688,5,1,4,services
R02702,E11,2025-04-13,31,42,3,,717,5,0,4,
R02703,E11,2025-04-13,40,71,6,,994,0,0,3,
R02704,E11,2025-04-13,45,43,5,1102,829,5,1,3,government
R02705,E11,2025-04-13,53,36,4,,1032,5,0,2,
R02706,E11,2025-04-13,42,32,5,1089,613,3,1,3,manufacturing
R02707,E11,2025-04-13,38,28,5,1905,1619,5,1,3,retail
R02708,E11,2025-04-14,44,28,18,1001,,,1,2,agriculture
R02709,E11,2025-04-14,34,41,2,3351,2194,4,1,3,manufacturing
R02710,E11,2025-04-14,33,47,3,,599,6,0,3,
R02711,E11,2025-04-14,37,12,4,,1272,2,0,1,
R02712,E11,2025-04-14,42,37,5,,884,5,0,3,
R02713,E11,2025-04-14,40,43,7,,491,4,1,3,agriculture
R02714,E11,2025-04-14,24,12,4,589,417,9,1,1,government
R02715,E11,2025-04-14,30,43,5,21751,,0,1,1,government
R02716,E11,2025-04-15,32,49,3,2148,2200,6,1,2,retail
R02717,E11,2025-04-15,28,18,2,660,,,1,2,services
R02718,E11,2025-04-15,20,32,4,,1133,3,1,2,government
R02719,E11,2025-04-15,23,25,3,2049,1784,4,1,2,agriculture
R02720,E11,2025-04-15,38,64,6,1013,,3,1,2,services
R02721,E11,2025-04-15,38,46,6,590,374,2,1,2,government
R02722,E11,2025-04-15,42,42,9,,862,5,0,1,
R02723,E11,2025-04-15,23,19,10,940,907,4,1,4,manufacturing
R02724,E11,2025-04-15,35,44,5,979,875,0,1,4,agriculture
R02725,E11,2025-04-15,29,56,4,1109,658,4,1,4,retail
,E11,2025-04-15,54,55,5,806,703,2,1,4,services
R02727,E11,2025-04-15,30,50,9,,1567,5,1,4,government
R02728,E11,2025-04-16,40,33,6,1588,1552,1,1,4,government
R02729,E11,2025-04-16,,49,5,,740,4,0,2,
R02730,E11,2025-04-16,48,49,7,1329,1149,5,1,4,government
R02731,E11,2025-04-16,31,55,9,550,594,3,1,1,manufacturing
R02732,E11,2025-04-16,35,45,7,970,826,7,1,1,manufacturing
R02733,E11,2025-04-16,29,37,4,,1153,9,0,3,
R02734,E11,2025-04-16,33,38,4,,769,4,0,1,
R02735,E11,2025-04-16,47,48,7,775,607,4,1,4,agriculture
R02736,E11,2025-04-17,47,18,5,1198,998,3,1,3,agriculture
R02737,E11,2025-04-17,37,52,4,926,696,3,1,1,services
R02738,E11,2025-04-17,36,46,6,1055,3857,3,1,3,services
R02739,E11,2025-04-17,21,23,3,1059,,3,1,1,manufacturing
R02740,E11,2025-04-17,34,30,3,526,350,3,1,4,agriculture
R02741,E11,2025-04-17,43,24,4,,841,6,0,3,
R02742,E11,2025-04-17,30,37,6,,930,4,0,2,
R02743,E11,2025-04-17,33,20,10,958,918,4,1,4,agriculture
R02744,E11,2025-04-18,46,32,11,1723,1499,4,1,3,agriculture
R02745,E11,2025-04-18,31,39,5,,,5,0,4,
R02746,E11,2025-04-18,39,26,9,1989,2360,6,1,3,retail
R02747,E11,2025-04-18,30,50,6,753,662,6,1,3,government
R02748,E11,2025-04-18,50,32,4,1719,,4,1,2,manufacturing
R02749,E11,2025-04-18,35,31,4,,824,0,1,4,government
R02750,E11,2025-04-18,53,50,3,25076,1243,5,1,2,services
R02751,E11,2025-04-18,18,65,5,1459,1191,7,1,4,government
R02752,E11,2025-04-19,29,44,6,1838,2257,5,1,4,services
R02753,E11,2025-04-19,29,59,4,874,437,4,1,4,services
R02754,E11,2025-04-19,41,57,9,872,1055,,1,2,agriculture
R02755,E11,2025-04-19,38,52,6,748,622,5,1,3,retail
R02756,E11,2025-04-19,47,43,4,1218,900,6,1,1,manufacturing
R02757,E11,2025-04-19,30,41,4,,811,,0,1,
R02758,E11,2025-04-19,48,26,10,,1189,2,0,2,
R02759,E11,2025-04-19,18,30,4,,866,2,0,1,
R02760,E11,2025-04-19,38,70,7,434,326,3,1,2,agriculture
R02761,E11,2025-04-19,42,32,4,1272,648,1,1,2,manufacturing
R02762,E11,2025-04-19,42,37,5,,1316,4,0,4,
R02763,E11,2025-04-20,22,29,2,1846,1474,5,1,3,government
R02764,E11,2025-04-20,45,39,5,1222,1279,2,1,4,agriculture
R02765,E11,2025-04-20,36,22,7,1199,1288,4,1,2,government
R02766,E11,2025-04-20,43,50,10,743,707,1,1,3,government
R02767,E11,2025-04-20,33,42,6,,1734,6,1,1,agriculture
R02768,E11,2025-04-20,31,63,4,,1098,5,1,3,manufacturing
R02769,E11,2025-04-20,46,24,10,874,521,3,1,1,manufacturing
R02770,E11,2025-04-20,37,56,4,1824,1568,7,1,4,manufacturing
R02771,E11,2025-04-21,30,35,3,1424,1024,6,1,3,manufacturing
R02772,E11,2025-04-21,44,51,16,669,514,2,1,1,services
R02773,E11,2025-04-22,37,25,9,975,833,3,1,3,manufacturing
R02774,E11,2025-04-22,54,39,5,560,561,2,1,3,services
R02775,E11,2025-04-22,43,34,4,4604,2844,7,1,1,agriculture
R02776,E11,2025-04-22,,18,5,,1624,2,1,2,government
R02777,E11,2025-04-22,32,59,4,2098,1751,56,1,4,agriculture
R02778,E11,2025-04-22,40,40,3,2069,1792,35,1,3,government
R02779,E11,2025-04-22,27,38,4,673,601,2,1,1,government
R02780,E11,2025-04-22,25,41,9,2235,2047,7,1,2,agriculture
R02781,E11,2025-04-22,42,26,3,,356,3,1,1,manufacturing
R02782,E11,2025-04-23,31,28,4,,,4,0,2,
R02783,E11,2025-04-23,51,40,7,1697,1123,8,1,4,government
R02784,E11,2025-04-23,57,38,6,2294,2212,6,1,2,manufacturing
R02785,E11,2025-04-23,25,43,4,1663,,,1,2,manufacturing
R02786,E11,2025-04-23,19,41,2,601,590,3,1,4,retail
R02787,E11,2025-04-23,17,15,5,647,723,0,1,1,government
R02788,E11,2025-04-23,11,32,4,,1617,5,0,3,
R02789,E11,2025-04-23,28,57,2,1259,1163,2,1,2,agriculture
R02790,E11,2025-04-24,48,43,5,2613,,7,1,4,services
R02791,E11,2025-04-24,21,25,5,1361,1058,4,1,4,services
R02792,E11,2025-04-24,34,59,3,,1592,6,0,2,
R02793,E11,2025-04-24,40,47,3,1633,1386,5,1,3,agriculture
R02794,E11,2025-04-24,30,29,7,511,503,3,1,1,services
R02795,E11,2025-04-24,25,44,7,1568,1181,5,1,1,manufacturing
R02796,E11,2025-04-24,28,50,2,,498,,0,3,
R02797,E11,2025-04-24,53,35,9,,547,5,0,2,
R02798,E11,2025-04-24,16,18,8,2535,2164,,1,3,services
R02799,E11,2025-04-24,36,18,5,2176,1926,3,1,4,services
R02800,E11,2025-04-25,18,30,6,1300,1096,5,1,3,services
R02801,E11,2025-04-25,47,71,8,1701,1356,2,1,3,agriculture
R02802,E11,2025-04-26,,18,1,,10044,4,0,2,
R02803,E11,2025-04-26,44,,7,2765,1501,7,1,1,retail
R02804,E11,2025-04-26,27,47,6,800,919,5,1,1,manufacturing
R02805,E11,2025-04-26,22,32,6,702,441,1,1,4,government
R02806,E11,2025-04-26,,34,2,578,610,4,1,1,retail
R02807,E11,2025-04-26,44,42,6,1139,704,5,1,4,agriculture
R02808,E11,2025-04-26,59,39,5,1568,,3,1,4,retail
R02809,E11,2025-04-26,39,48,4,1560,1202,3,1,2,agriculture
R02810,E11,2025-04-27,31,41,3,822,647,4,1,3,manufacturing
R02811,E11,2025-04-27,46,25,8,2008,1780,4,1,2,agriculture
R02812,E11,2025-04-27,,44,3,,986,3,0,3,
R02813,E11,2025-04-27,31,36,4,595,564,0,1,3,manufacturing
R02814,E11,2025-04-27,35,42,8,1119,932,2,1,4,services
R02815,E11,2025-04-28,30,57,2,1253,,3,1,4,retail
R02816,E11,2025-04-28,28,37,3,1151,1175,3,1,2,government
R02817,E11,2025-04-28,37,59,4,932,493,4,1,3,retail
R02818,E11,2025-04-28,40,32,2,495,458,0,1,2,retail
R02819,E11,2025-04-28,25,48,4,1214,1097,,1,2,agriculture
R02820,E11,2025-04-28,33,49,4,915,719,2,1,1,manufacturing
R02821,E11,2025-04-28,28,42,5,2132,1620,2,1,2,retail
R02822,E11,2025-04-28,26,41,4,,845,2,0,3,
R02823,E11,2025-04-28,24,35,4,841,730,6,1,1,retail
R02824,E11,2025-04-28,36,49,3,520,393,3,1,4,agriculture
R02825,E11,2025-04-29,31,46,9,,807,2,0,1,
R02826,E11,2025-04-29,37,54,10,,645,4,0,3,
R02827,E11,2025-04-29,47,25,4,1722,1097,7,1,4,services
R02828,E11,2025-04-29,55,52,4,1485,,5,1,4,government
R02829,E11,2025-04-29,34,55,7,,1221,3,1,1,manufacturing
R02830,E11,2025-04-29,51,34,5,1435,1209,4,1,4,retail
R02831,E11,2025-04-29,25,53,3,,1780,1,1,1,government
R02832,E11,2025-04-29,37,48,9,1669,,1,1,1,retail
R02833,E11,2025-04-29,47,47,9,,946,6,0,2,
R02834,E11,2025-04-30,29,49,7,,2385,7,0,4,
R02835,E11,2025-04-30,35,36,2,,1156,3,0,2,
R02836,E12,2025-04-01,21,51,7,1659,1808,3,1,3,services
R02837,E12,2025-04-01,31,55,8,1341,869,4,1,1,agriculture
R02838,E12,2025-04-01,22,48,2,730,741,2,1,1,retail
R02839,E12,2025-04-01,33,55,6,,1279,4,0,3,
R02840,E12,2025-04-02,25,30,5,,418,0,0,2,
R02841,E12,2025-04-02,31,29,7,1562,1291,5,1,2,services
R02842,E12,2025-04-02,44,28,9,,593,3,0,3,
R02843,E12,2025-04-02,51,45,9,807,889,0,1,2,agriculture
R02844,E12,2025-04-02,28,54,4,,,3,0,4,
R02845,E12,2025-04-02,39,48,4,,1073,4,0,4,
R02846,E12,2025-04-02,44,25,5,1294,1515,3,1,1,agriculture
R02847,E12,2025-04-02,38,34,5,,670,4,0,4,
R02848,E12,2025-04-02,49,48,4,,1323,1,1,1,manufacturing
R02849,E12,2025-04-02,42,26,6,1645,1598,5,1,4,agriculture
R02850,E12,2025-04-03,42,42,7,2522,2000,4,1,4,agriculture
R02851,E12,2025-04-03,29,27,6,617,453,5,1,1,retail
R02852,E12,2025-04-03,21,36,4,1584,1630,5,1,4,government
R02853,E12,2025-04-03,38,30,5,1451,1238,6,1,4,manufacturing
R02854,E12,2025-04-03,31,33,9,,575,1,0,1,
R02855,E12,2025-04-03,,40,6,1063,696,0,1,4,government
R02856,E12,2025-04-03,43,62,7,,2653,5,0,1,
R02857,E12,2025-04-03,35,57,11,976,,4,1,1,government
R02858,E12,2025-04-03,47,60,8,630,,,1,2,agriculture
R02859,E12,2025-04-03,31,57,7,629,,3,1,1,retail
R02860,E12,2025-04-04,37,40,5,,1186,3,0,2,
R02861,E12,2025-04-04,22,44,7,,850,5,0,2,
R02862,E12,2025-04-04,25,56,4,1334,4256,3,1,3,services
R02863,E12,2025-04-04,32,,6,1245,1296,5,1,4,manufacturing
R02864,E12,2025-04-04,38,28,2,609,611,0,1,1,agriculture
R02865,E12,2025-04-04,31,32,12,1627,1961,4,1,4,retail
R02866,E12,2025-04-05,38,27,7,,716,5,0,3,
R02867,E12,2025-04-05,29,32,7,1386,1173,6,1,2,manufacturing
R02868,E12,2025-04-05,39,21,3,,,5,1,3,services
R02869,E12,2025-04-05,41,36,8,4034,4284,5,1,1,retail
R02870,E12,,39,31,10,609,,4,1,2,agriculture
R02871,E12,2025-04-06,36,44,4,4320,3558,6,1,1,government
R02872,E12,2025-04-06,24,29,9,1337,748,3,1,2,manufacturing
R02873,E12,2025-04-06,39,23,4,,628,1,0,3,
R02874,E12,2025-04-06,33,45,6,1834,1866,6,1,4,government
R02875,E12,2025-04-06,34,47,3,912,915,1,1,3,retail
R02876,E12,2025-04-06,20,38,5,535,366,0,1,3,retail
R02877,E12,2025-04-06,29,49,7,1597,1534,3,1,3,manufacturing
R02878,E12,2025-04-06,22,49,6,801,3023,4,1,1,government
R02879,E12,2025-04-07,39,53,6,1409,1167,3,1,1,manufacturing
R02880,E12,2025-04-07,40,38,3,1322,967,2,1,4,retail
R02881,E12,2025-04-07,34,56,7,,766,,1,4,services
R02882,E12,2025-04-07,,44,9,,1605,2,0,4,
R02883,E12,2025-04-07,59,38,8,1247,1082,2,1,2,agriculture
R02884,E12,2025-04-07,35,38,3,1637,1958,,1,1,services
R02885,E12,2025-04-08,34,55,5,2131,1605,40,1,1,manufacturing
R02886,E12,2025-04-08,37,63,4,1545,1669,,1,2,retail
R02887,E12,2025-04-08,34,43,6,,600,5,0,3,
R02888,E12,2025-04-08,54,41,5,725,575,1,1,1,manufacturing
R02889,E12,2025-04-08,32,43,5,1375,815,1,1,2,manufacturing
R02890,E12,2025-04-08,33,60,4,,1411,1,0,2,
R02891,E12,2025-04-09,,44,5,1064,940,0,1,2,manufacturing
R02892,E12,2025-04-09,19,56,4,2500,1551,2,1,2,services
R02893,E12,2025-04-09,33,33,3,,2259,5,0,1,
R02894,E12,2025-04-09,39,47,6,,1102,5,0,2,
R02895,E12,2025-04-09,37,32,7,1040,982,2,1,1,services
R02896,E12,2025-04-09,33,42,2,,917,7,0,3,
R02897,E12,2025-04-09,24,18,7,994,971,5,1,3,services
R02898,E12,2025-04-09,46,27,7,,552,2,1,4,agriculture
R02899,E12,2025-04-09,22,33,1,,1032,3,1,2,manufacturing
R02900,E12,2025-04-10,18,27,7,,542,5,1,4,services
R02901,E12,2025-04-10,37,64,5,2433,2209,6,1,4,manufacturing
R02902,E12,2025-04-10,34,58,9,,836,7,0,2,
R02903,E12,2025-04-10,23,21,6,,1295,5,0,3,
R02904,E12,2025-04-10,31,43,4,,1614,4,0,3,
R02905,E12,2025-04-10,28,36,5,981,901,6,1,3,manufacturing
R02906,E12,2025-04-11,39,43,4,,809,0,0,4,
R02907,E12,2025-04-11,35,72,7,669,,0,1,1,government
R02908,E12,2025-04-11,38,45,6,,2840,4,0,1,
R02909,E12,2025-04-12,39,39,3,2128,1823,3,1,4,retail
R02910,E12,2025-04-12,50,37,5,1718,1426,6,1,4,manufacturing
R02911,E12,2025-04-12,32,51,7,1283,1277,4,1,3,retail
R02912,E12,2025-04-12,48,45,5,828,683,4,1,4,government
R02913,E12,2025-04-12,42,54,6,2130,2458,3,1,4,retail
R02914,E12,2025-04-12,26,50,5,749,2590,2,1,2,manufacturing
R02915,E12,2025-04-12,17,53,2,1893,,5,0,4,
R02916,E12,2025-04-12,42,64,5,,,1,0,4,
R02917,E12,2025-04-13,30,45,5,895,804,3,1,4,government
R02918,E12,2025-04-13,57,51,4,1724,1161,3,1,3,services
R02919,E12,2025-04-13,26,29,2,2223,1727,7,1,2,agriculture
R02920,E12,2025-04-14,47,58,6,1426,1493,3,1,3,manufacturing
R02921,E12,2025-04-14,25,41,5,1845,1327,6,1,4,retail
R02922,E12,2025-04-14,36,48,4,1296,1128,1,1,4,government
R02923,E12,2025-04-14,35,56,3,,1090,5,1,4,services
R02924,E12,2025-04-15,49,38,8,,1471,3,0,3,
R02925,E12,2025-04-15,41,49,6,1575,1486,5,1,1,manufacturing
R02926,E12,2025-04-15,33,53,7,1148,943,7,1,3,agriculture
R02927,E12,2025-04-15,48,33,4,1359,1087,5,1,1,services
R02928,E12,2025-04-15,42,40,7,,2021,8,0,1,
R02929,E12,2025-04-15,,55,5,,897,4,0,2,
R02930,E12,2025-04-15,36,52,11,613,625,4,1,1,services
R02931,E12,2025-04-16,48,22,9,1654,1767,1,1,2,services
R02932,E12,2025-04-16,22,51,10,310,391,5,1,3,services
R02933,E12,2025-04-16,25,36,6,1156,1151,4,1,3,manufacturing
R02934,E12,2025-04-16,37,45,4,,556,4,0,2,
R02935,E12,2025-04-16,33,59,7,,379,3,0,3,
R02936,E12,2025-04-16,36,69,5,2722,1391,5,1,3,services
R02937,E12,2025-04-16,36,29,4,,884,3,0,4,
R02938,E12,2025-04-17,39,42,7,,871,3,0,1,
R02939,E12,2025-04-17,48,31,4,966,832,2,1,2,government
R02940,E12,2025-04-17,27,27,10,1165,1084,3,1,2,government
R02941,E12,2025-04-17,24,25,5,1450,1406,7,1,4,government
R02942,E12,2025-04-17,39,57,6,762,797,0,1,1,services
R02943,E12,2025-04-18,29,37,4,,,1,0,4,
R02944,E12,,41,18,8,,1956,5,0,4,
R02945,E12,2025-04-18,31,18,7,495,1508,2,1,4,retail
R02946,E12,2025-04-18,34,49,5,2045,2077,1,1,2,retail
R02947,E12,2025-04-18,43,,10,,859,,0,3,
R02948,E12,2025-04-18,39,31,6,,1235,6,0,1,
R02949,E12,2025-04-18,34,49,3,,962,3,1,3,services
R02950,E12,2025-04-18,37,36,2,,1801,6,1,4,government
R02951,E12,2025-04-19,48,30,6,,1551,7,0,3,
R02952,E12,2025-04-19,38,18,7,1651,985,5,1,1,retail
,E12,2025-04-19,41,52,6,,2014,7,0,2,
R02954,E12,2025-04-19,41,18,18,928,2745,8,1,3,retail
R02955,E12,2025-04-19,24,38,3,1783,1330,6,1,4,government
R02956,E12,2025-04-19,28,39,4,1043,1051,1,1,4,agriculture
R02957,E12,2025-04-19,46,,4,702,685,2,1,2,government
R02958,E12,2025-04-19,28,46,5,710,593,5,1,4,services
R02959,E12,2025-04-20,46,41,2,925,667,1,1,1,retail
R02960,E12,2025-04-20,40,46,8,986,,4,1,4,agriculture
R02961,E12,2025-04-20,27,18,7,1255,,,1,1,government
R02962,E12,2025-04-20,29,41,9,886,667,3,1,2,services
R02963,E12,2025-04-20,41,34,5,,518,4,1,1,government
R02964,E12,2025-04-20,26,18,8,716,422,4,1,1,manufacturing
R02965,E12,2025-04-20,33,36,4,1582,1677,1,1,4,government
R02966,E12,2025-04-20,30,38,5,1553,968,5,1,1,manufacturing
R02967,E12,2025-04-20,35,34,7,457,411,6,1,4,agriculture
R02968,E12,2025-04-20,46,64,8,1364,1048,7,1,2,manufacturing
R02969,E12,2025-04-21,33,29,4,,1468,5,0,3,
R02970,E12,2025-04-21,38,32,9,1986,,6,1,4,manufacturing
R02971,E12,2025-04-21,52,49,9,2186,,,1,3,retail
R02972,E12,2025-04-21,47,41,3,,413,4,1,4,services
R02973,E12,2025-04-21,26,62,7,1097,936,,1,2,government
R02974,E12,2025-04-21,34,32,5,2652,2079,3,1,4,retail
R02975,E12,2025-04-21,42,43,7,,1395,4,0,3,
R02976,E12,2025-04-22,46,47,4,,776,7,0,4,
R02977,E12,2025-04-22,24,26,7,2445,1961,5,1,1,agriculture
R02978,E12,2025-04-22,24,43,1,1274,990,2,1,4,services
R02979,E12,2025-04-22,37,50,6,,2549,6,0,3,
R02980,E12,2025-04-22,43,40,4,30892,393,4,1,2,government
R02981,E12,2025-04-22,39,27,8,1460,983,7,1,4,government
R02982,E12,2025-04-22,55,49,7,2046,1562,5,1,2,retail
R02983,E12,2025-04-23,35,38,10,2441,2683,5,1,1,manufacturing
R02984,E12,2025-04-23,34,19,2,,552,6,0,2,
R02985,E12,2025-04-23,12,75,2,721,887,2,1,3,agriculture
R02986,E12,2025-04-23,18,30,6,926,694,5,1,2,government
R02987,E12,2025-04-23,38,46,5,909,979,1,1,1,services
R02988,E12,2025-04-23,33,40,4,1516,1726,7,1,1,retail
R02989,E12,2025-04-23,,18,3,,815,4,0,3,
R02990,E12,2025-04-24,27,27,7,1278,1380,8,1,2,services
R02991,E12,2025-04-24,36,18,9,2165,1469,4,1,1,government
R02992,E12,2025-04-24,37,31,4,1124,706,5,1,4,government
R02993,E12,2025-04-24,31,28,8,2360,1414,1,1,4,manufacturing
R02994,E12,2025-04-24,43,40,3,1237,1036,1,1,1,services
R02995,E12,2025-04-24,34,43,4,607,782,2,1,2,services
R02996,E12,2025-04-24,29,47,6,1731,1294,7,1,4,government
R02997,E12,2025-04-24,38,25,4,1857,1284,5,1,1,retail
R02998,E12,2025-04-25,31,48,5,1508,1461,4,1,4,manufacturing
R02999,E12,2025-04-25,46,43,10,1243,1020,0,1,3,manufacturing
R03000,E12,2025-04-25,51,46,9,,2074,6,1,1,retail
R03001,E12,2025-04-26,26,18,5,876,749,0,1,3,agriculture
R03002,E12,2025-04-26,39,44,5,905,848,5,1,4,manufacturing
R03003,E12,2025-04-26,21,37,7,1645,1323,1,1,1,services
R03004,E12,2025-04-26,49,53,3,1509,975,5,1,3,manufacturing
R03005,E12,2025-04-26,15,27,7,2587,,2,1,1,retail
R03006,E12,2025-04-26,24,29,3,1898,1307,7,1,1,retail
R03007,E12,2025-04-26,37,47,10,1784,1778,2,1,1,government
R03008,E12,2025-04-26,29,30,5,2335,1830,5,1,4,agriculture
R03009,E12,2025-04-26,36,50,11,831,870,5,1,1,government
R03010,E12,2025-04-27,46,,4,,873,5,0,2,
R03011,E12,2025-04-27,55,30,11,1771,917,3,1,2,manufacturing
R03012,E12,2025-04-27,56,35,10,2833,2117,6,1,4,agriculture
R03013,E12,2025-04-27,40,64,9,,892,5,0,3,
R03014,E12,2025-04-27,37,37,3,,734,4,0,1,
R03015,E12,2025-04-27,35,55,8,692,778,1,1,1,manufacturing
R03016,E12,2025-04-27,40,21,4,,801,6,0,1,
R03017,E12,2025-04-27,46,39,5,573,712,4,1,1,services
R03018,E12,2025-04-27,42,19,8,1428,4054,1,1,2,retail
R03019,E12,2025-04-28,30,40,5,523,,0,1,4,government
R03020,E12,2025-04-28,25,48,4,813,,3,1,2,agriculture
R03021,E12,2025-04-28,38,59,6,3311,2443,4,1,2,agriculture
R03022,E12,2025-04-28,40,26,6,1773,1511,1,1,3,agriculture
R03023,E12,2025-04-28,-2,18,5,1023,1051,3,1,4,manufacturing
R03024,E12,2025-04-28,25,47,3,2104,1598,,1,3,retail
R03025,E12,2025-04-28,30,40,5,1346,1225,6,1,1,manufacturing
R03026,E12,2025-04-29,39,38,6,2365,1947,7,1,4,agriculture
R03027,E12,2025-04-29,50,39,7,,1656,5,0,2,
R03028,E12,2025-04-29,42,43,6,,1018,2,1,1,retail
R03029,E12,2025-04-29,35,50,8,1314,938,8,1,4,manufacturing
R03030,E12,2025-04-29,17,30,24,,1996,6,1,3,government
R03031,E12,2025-04-29,59,53,4,647,674,4,1,1,retail
R03032,E12,2025-04-29,68,45,1,,2048,,0,4,
R03033,E12,2025-04-29,34,43,6,538,659,4,1,2,retail
R03034,E12,2025-04-30,42,44,3,,1443,6,1,1,manufacturing
R03035,E12,2025-04-30,35,29,7,1124,1017,7,1,1,services
R03036,E12,2025-04-30,27,44,6,4947,4508,8,1,4,manufacturing
R03037,E12,2025-04-30,18,65,4,1545,1454,3,1,1,manufacturing
R03038,E12,2025-04-30,29,39,5,,1436,5,1,3,manufacturing
R03039,E12,2025-04-30,41,28,6,1834,1337,4,1,2,agriculture
R03040,E12,2025-04-30,30,58,6,1324,1121,4,1,4,services
R03041,E12,2025-04-30,38,19,3,1776,1079,4,1,3,agriculture
R03042,E12,2025-04-30,48,18,4,1696,1728,5,1,4,services
R03043,E12,2025-04-30,42,56,2,,756,1,0,2,
R03044,E12,2025-04-30,39,40,8,,1175,5,0,3,
R03045,E12,2025-04-30,,39,3,,1469,3,1,2,retail
R03046,E13,2025-04-01,46,33,6,1893,1808,7,1,2,manufacturing
R03047,E13,2025-04-01,39,18,9,624,625,4,1,4,retail
R03048,E13,2025-04-01,41,41,8,1133,1021,3,1,4,agriculture
R03049,E13,2025-04-01,32,48,3,1649,1582,4,1,4,agriculture
R03050,E13,2025-04-01,25,45,6,,999,1,0,1,
R03051,E13,2025-04-01,35,44,8,,1514,2,1,2,manufacturing
R03052,E13,2025-04-01,32,56,8,786,797,2,1,2,retail
R03053,E13,2025-04-01,27,33,8,2839,2533,5,1,2,manufacturing
R03054,E13,2025-04-01,37,54,6,187,290,5,1,4,government
R03055,E13,2025-04-02,32,42,5,1227,1070,1,1,2,manufacturing
R03056,E13,2025-04-02,41,37,3,1644,1015,4,1,2,services
R03057,E13,2025-04-02,40,61,3,1400,1394,4,1,4,manufacturing
R03058,E13,2025-04-02,30,31,6,,318,5,1,4,agriculture
R03059,E13,2025-04-02,49,53,2,,329,3,0,3,
R03060,E13,2025-04-03,28,25,4,999,838,2,1,2,government
R03061,E13,2025-04-03,37,36,5,2172,1403,3,1,4,manufacturing
R03062,E13,2025-04-03,40,30,4,,976,2,0,4,
R03063,E13,2025-04-03,53,18,6,702,742,3,1,4,government
R03064,E13,2025-04-03,34,71,4,,600,4,0,3,
R03065,E13,2025-04-04,41,43,3,647,527,5,1,2,retail
R03066,E13,2025-04-04,44,31,5,,1913,5,0,3,
R03067,E13,2025-04-04,49,55,4,759,,2,1,3,government
R03068,E13,2025-04-04,23,63,2,1078,860,5,1,4,agriculture
R03069,E13,,48,19,10,2225,6496,2,1,4,manufacturing
R03070,E13,2025-04-05,41,51,9,1438,1885,,1,2,agriculture
R03071,E13,2025-04-05,30,37,2,2815,2109,6,1,3,government
R03072,E13,2025-04-05,20,34,3,2354,2010,0,1,4,government
R03073,E13,2025-04-05,27,43,5,,1021,6,0,3,
R03074,E13,2025-04-05,25,24,8,,972,5,1,3,retail
R03075,E13,2025-04-05,42,62,4,1131,1012,3,1,1,agriculture
R03076,E13,2025-04-05,29,18,2,1547,1612,2,1,2,manufacturing
R03077,E13,2025-04-05,37,51,7,,873,2,0,3,
R03078,E13,2025-04-06,43,40,6,,536,4,0,3,
R03079,E13,2025-04-06,32,43,2,1360,1020,2,1,4,services
R03080,E13,2025-04-06,31,50,5,1881,,6,1,4,government
R03081,E13,2025-04-06,,57,3,,1906,6,0,2,
R03082,E13,2025-04-06,50,28,3,1223,4087,7,1,3,agriculture
R03083,E13,2025-04-07,41,26,9,1219,1366,6,1,2,services
R03084,E13,2025-04-07,32,44,5,13601,3202,0,1,2,services
R03085,E13,2025-04-07,28,18,5,1635,1446,39,1,2,agriculture
R03086,E13,2025-04-07,29,55,3,559,409,4,1,1,government
R03087,E13,2025-04-08,35,35,9,608,,5,1,1,retail
R03088,E13,2025-04-08,54,28,5,,1279,3,0,4,
R03089,E13,2025-04-08,51,41,4,673,655,6,1,4,services
R03090,E13,2025-04-08,34,41,5,1362,752,2,1,4,retail
,E13,2025-04-08,45,56,6,1752,,4,1,4,agriculture
R03092,E13,2025-04-08,36,29,8,742,709,3,1,3,manufacturing
R03093,E13,2025-04-08,37,35,5,1179,600,0,1,2,government
R03094,E13,2025-04-09,30,56,3,1517,967,6,1,1,manufacturing
R03095,E13,2025-04-09,34,52,4,,788,,0,1,
R03096,E13,2025-04-09,43,39,8,1267,1066,0,1,4,retail
R03097,E13,2025-04-09,45,27,9,1469,1404,4,1,3,government
R03098,E13,2025-04-09,37,46,1,2284,12197,6,1,3,manufacturing
R03099,E13,2025-04-09,42,34,11,,1478,5,0,2,
R03100,E13,2025-04-09,,45,6,1045,627,3,1,1,government
R03101,E13,2025-04-10,35,56,6,1767,1395,2,1,2,manufacturing
R03102,E13,2025-04-10,,30,7,407,,3,1,2,manufacturing
R03103,E13,2025-04-10,40,,6,,692,4,1,4,government
R03104,E13,2025-04-10,39,25,8,1844,1549,,1,1,manufacturing
R03105,E13,2025-04-10,35,49,3,1586,,0,1,1,government
R03106,E13,2025-04-10,27,29,7,726,646,5,1,1,services
R03107,E13,2025-04-10,32,48,11,,1823,9,1,2,government
R03108,E13,2025-04-10,32,23,5,,1237,6,1,1,agriculture
R03109,E13,2025-04-11,37,36,9,4026,2555,,1,1,retail
R03110,E13,2025-04-11,55,18,4,,2629,7,0,1,
R03111,E13,2025-04-12,28,44,10,,1066,0,1,1,government
R03112,E13,2025-04-12,36,,5,,2175,6,1,3,government
R03113,E13,2025-04-12,26,36,7,1943,1625,5,1,3,retail
R03114,E13,2025-04-12,42,30,4,1538,1435,5,1,3,services
R03115,E13,2025-04-12,36,27,6,,860,5,0,2,
R03116,E13,2025-04-12,34,56,6,,1387,1,0,4,
R03117,E13,2025-04-12,37,50,7,693,649,2,1,1,services
R03118,E13,2025-04-12,29,55,2,,2853,5,0,1,
R03119,E13,2025-04-13,27,,3,1122,929,4,1,4,manufacturing
R03120,E13,2025-04-13,31,50,7,997,598,3,1,1,retail
R03121,E13,2025-04-13,32,42,3,1241,1223,3,1,2,services
R03122,E13,2025-04-13,33,28,8,,1701,4,1,4,retail
R03123,E13,2025-04-13,41,21,4,3812,2732,6,1,2,agriculture
R03124,E13,2025-04-13,43,42,5,,,1,0,3,
R03125,E13,2025-04-13,40,51,10,1504,1790,4,1,3,agriculture
R03126,E13,2025-04-13,37,34,7,,629,2,0,3,
R03127,E13,2025-04-14,30,56,4,762,724,3,1,2,retail
R03128,E13,2025-04-14,43,27,3,,1140,5,1,1,services
R03129,E13,2025-04-14,41,41,6,1152,1044,3,1,4,agriculture
R03130,E13,2025-04-14,28,30,4,,893,2,0,3,
R03131,E13,2025-04-14,41,40,4,1743,1749,5,1,2,retail
R03132,E13,2025-04-14,32,36,4,,706,5,0,1,
R03133,E13,2025-04-14,47,46,5,1963,1389,7,1,1,services
R03134,E13,2025-04-14,52,33,5,,1029,3,0,4,
R03135,E13,2025-04-14,29,54,2,,746,5,1,4,agriculture
R03136,E13,2025-04-14,52,42,7,1346,1057,,1,2,manufacturing
R03137,E13,2025-04-15,43,18,7,2230,2327,5,1,1,agriculture
R03138,E13,2025-04-15,45,36,11,615,680,,1,1,manufacturing
R03139,E13,2025-04-15,50,48,9,,1058,6,0,3,
R03140,E13,2025-04-15,50,39,4,,1431,4,0,3,
R03141,E13,2025-04-15,42,42,3,968,570,5,1,3,government
R03142,E13,2025-04-15,34,57,7,,2020,3,0,1,
R03143,E13,2025-04-15,24,48,5,1126,904,6,1,4,agriculture
R03144,E13,2025-04-15,22,51,4,,2793,5,0,3,
R03145,E13,2025-04-16,44,16,5,,1217,6,0,1,
R03146,E13,2025-04-16,41,30,4,1116,942,5,1,4,government
R03147,E13,2025-04-16,39,61,7,1545,1168,5,1,4,manufacturing
R03148,E13,2025-04-16,34,29,9,1710,1556,,1,1,services
R03149,E13,2025-04-16,38,43,5,1889,1870,4,1,1,services
R03150,E13,2025-04-16,22,45,8,,1986,4,0,2,
R03151,E13,2025-04-16,24,32,4,,2618,8,0,1,
R03152,E13,2025-04-16,36,36,5,1294,,1,1,2,services
R03153,E13,2025-04-16,46,48,3,,367,5,0,1,
R03154,E13,2025-04-16,29,55,7,1333,1183,0,1,2,government
R03155,E13,2025-04-17,30,21,6,,677,2,0,3,
R03156,E13,2025-04-17,30,25,5,,519,,0,2,
R03157,E13,2025-04-17,28,32,4,23708,,0,1,2,agriculture
R03158,E13,2025-04-17,25,63,5,1855,5861,6,1,4,services
R03159,E13,2025-04-17,32,45,5,1275,1225,1,1,3,manufacturing
R03160,E13,2025-04-17,52,45,9,585,476,1,1,4,manufacturing
R03161,E13,2025-04-17,46,56,12,1013,836,8,1,2,agriculture
R03162,E13,2025-04-17,27,44,5,1265,1070,4,1,3,retail
R03163,E13,2025-04-17,36,43,5,,1122,3,0,1,
R03164,E13,2025-04-17,44,25,10,1475,1207,5,1,4,manufacturing
R03165,E13,2025-04-18,41,22,3,1596,1453,3,1,4,agriculture
R03166,E13,2025-04-18,39,29,10,,858,5,0,3,
R03167,E13,2025-04-18,33,48,6,1000,843,2,1,2,manufacturing
R03168,E13,2025-04-18,35,28,9,,1011,9,0,1,
R03169,E13,2025-04-18,27,24,9,,1711,4,0,2,
R03170,E13,2025-04-19,34,19,8,,1280,,0,4,
R03171,E13,2025-04-19,30,40,5,1733,1466,3,1,2,agriculture
R03172,E13,2025-04-19,40,26,11,1918,1551,6,1,3,government
R03173,E13,2025-04-19,47,25,5,500,448,3,1,3,government
R03174,E13,2025-04-19,42,28,5,593,442,,1,3,services
R03175,E13,2025-04-19,42,58,9,1023,656,3,1,2,retail
R03176,E13,2025-04-19,42,27,4,2635,1673,11,1,2,services
R03177,E13,2025-04-19,41,44,4,,,3,0,1,
R03178,E13,2025-04-19,29,45,8,,1055,8,0,3,
R03179,E13,2025-04-19,18,25,6,625,633,3,1,2,retail
R03180,E13,2025-04-20,17,38,6,1097,,4,1,4,services
R03181,E13,2025-04-20,46,45,8,,1063,3,0,2,
R03182,E13,2025-04-20,39,44,10,2931,1845,7,1,2,agriculture
R03183,E13,2025-04-20,39,43,9,1263,793,4,1,1,manufacturing
R03184,E13,2025-04-20,27,,2,503,435,2,1,4,manufacturing
R03185,E13,2025-04-21,38,51,8,,678,0,0,1,
R03186,E13,2025-04-21,30,40,5,2466,,7,1,4,manufacturing
R03187,E13,2025-04-21,34,30,3,,1180,2,0,1,
R03188,E13,2025-04-21,25,47,4,,1168,6,0,3,
R03189,E13,2025-04-21,43,42,4,2508,2417,3,1,2,government
R03190,E13,2025-04-21,44,22,6,1400,880,0,1,1,manufacturing
R03191,E13,2025-04-21,41,28,8,,744,3,1,3,retail
R03192,E13,2025-04-21,41,31,7,,1119,1,0,4,
R03193,E13,2025-04-21,24,33,5,,1437,2,0,1,
R03194,E13,2025-04-22,46,38,10,,,2,0,4,
R03195,E13,2025-04-22,52,43,5,1813,1704,4,1,4,services
R03196,E13,2025-04-22,33,48,8,,631,2,1,1,agriculture
R03197,E13,2025-04-22,44,51,3,2167,2271,6,1,2,agriculture
R03198,E13,2025-04-23,28,25,4,751,781,6,1,4,services
R03199,E13,2025-04-23,35,33,6,1621,1359,2,1,1,retail
R03200,E13,2025-04-23,37,33,8,1270,1089,4,1,4,government
R03201,E13,2025-04-23,21,40,7,1521,1411,3,1,2,agriculture
R03202,E13,2025-04-23,24,49,3,1842,1736,0,1,2,government
R03203,E13,2025-04-23,27,21,4,,581,0,0,1,
R03204,E13,2025-04-24,36,58,5,1348,1228,4,1,4,agriculture
R03205,E13,2025-04-24,,59,10,1330,857,3,1,1,manufacturing
R03206,E13,2025-04-24,37,44,8,,633,2,0,1,
R03207,E13,2025-04-24,21,44,5,1442,1502,3,1,2,agriculture
R03208,E13,2025-04-24,43,35,4,865,641,2,1,3,agriculture
R03209,E13,2025-04-24,29,37,7,1652,,6,1,2,manufacturing
R03210,E13,2025-04-24,40,43,10,1552,1492,47,1,3,agriculture
R03211,E13,,42,38,7,,959,4,1,1,retail
R03212,E13,2025-04-25,31,45,5,3813,2667,6,1,2,government
R03213,E13,2025-04-25,33,54,8,,2318,8,0,1,
R03214,E13,2025-04-25,35,58,4,803,798,7,1,1,retail
R03215,E13,2025-04-25,48,30,8,,716,1,0,3,
R03216,E13,2025-04-25,37,22,6,1728,1057,5,1,4,manufacturing
R03217,E13,2025-04-25,24,47,7,1340,769,3,1,3,retail
R03218,E13,2025-04-25,42,37,3,,1364,2,0,3,
R03219,E13,2025-04-25,42,28,5,1095,959,1,1,2,agriculture
R03220,E13,2025-04-25,39,39,7,1499,,4,1,1,manufacturing
R03221,E13,2025-04-26,30,24,10,1337,1217,4,1,2,services
R03222,E13,2025-04-26,44,30,3,,1449,5,0,2,
R03223,E13,2025-04-26,45,21,5,,577,2,0,2,
R03224,E13,2025-04-26,38,55,9,,654,5,1,3,manufacturing
R03225,E13,2025-04-26,35,36,11,,2034,5,0,4,
R03226,E13,2025-04-26,55,34,5,1050,1336,0,1,3,services
R03227,E13,2025-04-27,26,47,5,618,642,4,1,2,government
R03228,E13,2025-04-27,27,33,2,848,951,0,1,3,government
R03229,E13,2025-04-27,,40,1,,1202,1,0,2,
R03230,E13,2025-04-27,61,47,6,1723,1164,8,1,1,services
R03231,E13,2025-04-27,47,31,5,,1147,6,0,2,
R03232,E13,2025-04-27,32,44,9,,1453,7,0,2,
R03233,E13,2025-04-27,29,47,6,639,611,2,1,2,services
R03234,E13,2025-04-27,17,58,4,,535,5,0,4,
R03235,E13,2025-04-27,46,53,11,2403,1460,0,1,2,agriculture
R03236,E13,2025-04-28,34,50,3,780,717,1,1,1,retail
R03237,E13,2025-04-28,24,48,3,689,515,4,1,3,agriculture
R03238,E13,2025-04-28,50,23,3,,1230,7,1,3,services
R03239,E13,2025-04-29,,38,6,1610,1036,1,1,2,services
R03240,E13,2025-04-29,28,18,5,1302,1189,4,1,4,manufacturing
R03241,E13,2025-04-29,19,40,3,1014,1247,3,1,1,agriculture
R03242,E13,2025-04-29,35,36,3,1005,,4,1,3,retail
R03243,E13,2025-04-30,30,38,4,,659,3,0,4,
R03244,E13,2025-04-30,47,67,6,1710,1153,2,1,3,retail
R03245,E13,2025-04-30,19,62,6,,1119,4,0,3,
R03036,E14,2025-04-01,26,40,6,753,,,1,1,manufacturing
R01154,E14,2025-04-01,24,34,4,1300,,1,1,4,manufacturing
R01397,E14,2025-04-01,15,45,7,,820,4,1,4,government
R00453,E14,2025-04-01,39,42,9,,,,1,3,agriculture
R04221,E14,2025-04-01,27,53,5,756,,,1,2,manufacturing
R02658,E14,2025-04-01,28,53,4,39568,,3,1,3,agriculture
R01130,E14,2025-04-01,25,25,3,,,4,0,3,
R04486,E14,2025-04-01,,33,3,,,1,0,2,
R02211,E14,2025-04-01,36,61,6,,713,4,1,4,government
R00064,E14,2025-04-02,24,24,4,,255,0,1,3,government
R00086,E14,2025-04-02,54,71,15,,962,6,1,3,government
R04898,E14,2025-04-02,26,37,5,1292,,,1,2,services
R00473,E14,2025-04-02,41,49,4,18959,,,1,1,services
,E14,2025-04-02,40,49,7,,,2,1,3,agriculture
R03260,E14,2025-04-02,42,39,11,,,1,1,1,manufacturing
R03261,E14,2025-04-02,27,53,8,,1584,,0,2,retail
R03262,E14,2025-04-02,11,33,4,,,3,1,1,services
R03263,E14,2025-04-02,36,46,1,2072,1793,5,1,4,agriculture
R03264,E14,2025-04-03,38,18,9,,,2,0,4,
R03265,E14,2025-04-03,29,27,6,,1668,,1,2,government
R03266,E14,2025-04-03,39,24,4,,,6,1,1,government
R03267,E14,2025-04-03,24,24,11,,,6,1,2,agriculture
R03268,E14,2025-04-03,44,,7,,,,0,3,
R03269,E14,2025-04-03,26,23,6,,,4,1,1,retail
R03270,E14,2025-04-03,34,25,7,,,4,1,2,retail
R03271,E14,2025-04-04,41,38,7,,,,0,2,
R03272,E14,2025-04-04,38,34,10,,,,1,2,retail
R03273,E14,2025-04-04,36,28,9,1714,,2,1,1,government
R03274,E14,2025-04-04,37,25,7,,,1,1,2,services
R03275,E14,2025-04-04,38,39,6,,,2,0,3,
R03276,E14,,,38,7,,,,0,2,
R03277,E14,2025-04-04,,34,3,,,6,0,1,
R03278,E14,2025-04-04,24,20,3,,,1,1,4,services
R03279,E14,2025-04-04,34,59,7,,1153,6,1,1,retail
R03280,E14,2025-04-04,26,44,8,2227,,6,1,3,retail
R03281,E14,2025-04-05,30,55,9,,,3,0,1,
R03282,E14,2025-04-05,48,43,7,,,,0,4,
R03283,E14,2025-04-05,31,24,2,,1370,4,1,1,retail
R03284,E14,2025-04-05,38,31,9,,,7,1,3,services
R03285,E14,2025-04-05,30,34,5,,,6,1,3,manufacturing
R03286,E14,2025-04-05,48,58,8,,,6,1,1,agriculture
R03287,E14,2025-04-05,,37,9,,,,1,2,agriculture
R03288,E14,2025-04-05,34,18,4,,,,1,2,government
R03289,E14,2025-04-05,41,,8,1141,,,1,4,agriculture
R03290,E14,2025-04-05,29,41,5,,,,1,3,manufacturing
R03291,E14,2025-04-05,,23,1,,1388,4,1,3,services
R03292,E14,2025-04-05,,30,6,1044,,,1,2,retail
R03293,E14,2025-04-05,0,55,6,,1577,,0,1,
R03294,E14,2025-04-05,18,44,4,,,5,0,4,
R03295,E14,2025-04-05,42,19,9,,837,6,1,3,government
R03296,E14,2025-04-05,41,37,6,682,,6,1,2,agriculture
,E14,2025-04-06,23,,5,,,,1,1,manufacturing
R03298,E14,2025-04-06,39,,2,1172,,2,1,3,agriculture
R03299,E14,2025-04-06,18,32,5,849,,,1,2,government
R03300,E14,2025-04-06,31,41,7,,,5,0,3,
R03301,E14,2025-04-06,50,,9,,1005,,1,4,retail
R03302,E14,2025-04-06,55,34,2,,,2,1,2,services
R03303,E14,2025-04-07,35,26,7,,,5,0,4,
,E14,2025-04-07,15,34,11,,,2,1,4,manufacturing
R03305,E14,2025-04-07,17,36,6,,,,1,1,agriculture
R03306,E14,2025-04-07,39,55,4,,,5,1,3,retail
R03307,E14,,24,41,4,,,2,1,2,agriculture
R03308,E14,2025-04-07,30,54,4,,684,6,1,3,government
R03309,E14,2025-04-07,226,33,5,,,2,0,1,
R03310,E14,2025-04-07,17,44,4,,,9,1,3,services
R03311,E14,2025-04-07,23,43,10,,,0,1,4,manufacturing
R03312,E14,2025-04-07,41,36,7,2034,,4,1,2,manufacturing
R03313,E14,2025-04-08,43,45,6,,,,1,1,services
R03314,E14,2025-04-08,46,37,10,,,,0,2,
R03315,E14,2025-04-08,,19,5,,627,3,1,4,manufacturing
R03316,E14,2025-04-08,40,50,9,,,2,1,1,retail
R03317,E14,2025-04-08,23,36,3,,,,1,2,retail
R03318,E14,2025-04-08,19,55,5,,,4,1,2,manufacturing
R03319,E14,2025-04-08,49,43,4,1706,,,1,4,agriculture
R03320,E14,2025-04-08,47,51,10,,1464,6,1,2,manufacturing
R03321,E14,2025-04-08,21,51,9,1230,,4,1,2,agriculture
R03322,E14,2025-04-08,,30,5,,,,0,4,
R03323,E14,2025-04-08,40,18,7,1492,,,1,3,manufacturing
R03324,E14,,44,62,7,,,2,1,4,government
R03325,E14,2025-04-08,44,33,11,,,5,1,4,agriculture
R03326,E14,2025-04-08,27,41,3,,,,1,3,services
R03327,E14,2025-04-09,40,50,7,1244,,3,1,3,government
R03328,E14,2025-04-09,38,38,3,1591,,5,1,1,manufacturing
R03329,E14,2025-04-09,68,58,4,,,6,1,1,services
R03330,E14,2025-04-09,47,20,6,1259,,,1,4,services
R03331,E14,2025-04-09,,,5,,1598,8,0,1,
R03332,E14,,50,53,3,,,3,1,3,government
R03333,E14,2025-04-09,,48,5,,,,1,3,agriculture
R03334,E14,2025-04-09,40,37,7,,793,3,1,1,retail
R03335,E14,2025-04-10,33,50,3,,,6,0,2,
R03336,E14,2025-04-10,38,33,10,,1677,,1,3,retail
R03337,E14,2025-04-10,39,21,4,,,5,1,3,manufacturing
R03338,E14,,40,43,9,,,0,1,2,retail
R03339,E14,2025-04-10,,18,10,,,6,1,1,manufacturing
R03340,E14,2025-04-10,30,65,2,1108,1040,,1,1,agriculture
R03341,E14,2025-04-10,42,18,12,,,6,1,2,manufacturing
R03342,E14,2025-04-10,42,42,6,,,0,0,1,
R03343,E14,2025-04-10,34,37,9,,1056,,1,3,services
R03344,E14,2025-04-10,,28,6,,,3,0,2,
R03345,E14,2025-04-10,42,61,3,1058,,2,1,2,agriculture
R03346,E14,2025-04-10,27,28,9,,,,1,4,retail
,E14,2025-04-10,30,38,4,,,,0,3,
R03348,E14,2025-04-10,42,67,4,,,0,0,4,
R03349,E14,,47,32,10,,1141,,1,1,government
R03350,E14,,27,37,5,,,5,1,4,retail
R03351,E14,2025-04-11,25,38,6,,,0,0,1,
R03352,E14,2025-04-11,30,41,11,,,3,1,3,manufacturing
R03353,E14,2025-04-11,5,71,10,556,,,1,1,manufacturing
R03354,E14,2025-04-11,46,39,8,,,,0,4,
R03355,E14,2025-04-11,24,30,5,1922,,,1,1,manufacturing
R03356,E14,2025-04-11,37,24,11,,,2,1,4,retail
R03357,E14,2025-04-11,52,36,3,,832,,0,4,
R03358,E14,2025-04-11,36,27,4,,,,1,2,manufacturing
R03359,E14,2025-04-11,33,38,7,,,,1,2,retail
R03360,E14,,36,48,6,,,9,1,4,retail
R03361,E14,2025-04-11,35,34,6,,,4,0,3,
R03362,E14,2025-04-11,55,29,4,,706,3,1,2,services
R03363,E14,2025-04-11,37,39,8,,1860,,0,1,
R03364,E14,2025-04-11,,73,4,,,,1,1,retail
R03365,E14,2025-04-11,35,38,6,,,,1,1,manufacturing
R03366,E14,2025-04-11,54,38,2,,,6,0,3,
R03367,E14,2025-04-11,32,49,4,,,,0,3,
R03368,E14,2025-04-12,40,30,10,,,0,0,1,
R03369,E14,2025-04-12,37,33,4,1522,,3,1,2,manufacturing
R03370,E14,2025-04-12,34,42,5,,,3,1,1,services
R03371,E14,2025-04-12,,20,8,,,,1,3,services
R03372,E14,2025-04-12,20,49,3,,,7,1,3,manufacturing
R03373,E14,2025-04-12,38,49,5,1704,,5,1,3,services
R03374,E14,2025-04-12,28,40,8,,738,1,0,1,
R03375,E14,2025-04-12,19,,6,,,,0,2,
R03376,E14,2025-04-12,,36,10,,1807,6,0,3,
R03377,E14,2025-04-12,50,55,4,1072,,3,1,1,retail
R03378,E14,2025-04-12,42,,1,,,,1,1,government
R03379,E14,2025-04-13,29,23,4,,939,1,0,3,
R03380,E14,2025-04-13,184,34,6,,,5,0,2,
R03381,E14,2025-04-13,38,70,5,,,,0,2,
R03382,E14,2025-04-13,22,47,5,,,,1,2,retail
R03383,E14,2025-04-13,39,51,4,,,6,1,4,manufacturing
R03384,E14,2025-04-13,34,39,7,1159,1332,4,1,4,services
R03385,E14,2025-04-13,21,36,4,,,3,1,4,agriculture
R03386,E14,2025-04-13,39,48,6,807,,,1,4,manufacturing
R03387,E14,2025-04-13,47,,8,,,,0,2,
R03388,E14,2025-04-13,41,30,4,,694,2,1,4,manufacturing
R03389,E14,2025-04-13,,36,5,597,527,0,1,1,services
R03390,E14,2025-04-13,37,35,10,839,,1,1,2,government
R03391,E14,2025-04-13,30,50,4,,,1,1,2,agriculture
R03392,E14,2025-04-14,17,43,3,,773,5,1,4,manufacturing
R03393,E14,2025-04-14,33,27,5,690,,7,1,4,agriculture
R03394,E14,2025-04-14,3,24,8,,,5,0,2,
R03395,E14,2025-04-14,47,34,3,,,5,0,1,
R03396,E14,2025-04-14,43,26,7,,703,,1,4,government
R03397,E14,2025-04-14,27,42,3,,,1,1,1,agriculture
R03398,E14,2025-04-14,38,31,3,,,,1,1,services
R03399,E14,2025-04-14,42,49,5,,992,,1,1,agriculture
R03400,E14,2025-04-14,,40,5,,,2,0,1,
R03401,E14,2025-04-15,45,44,9,,,3,1,3,agriculture
R03402,E14,2025-04-15,,34,3,1669,,,1,4,retail
R03403,E14,2025-04-15,22,18,2,,,6,0,2,
R03404,E14,2025-04-15,47,77,5,,,,1,4,manufacturing
R03405,E14,2025-04-15,40,62,4,,737,1,1,3,retail
R03406,E14,2025-04-15,54,26,8,,,2,1,1,agriculture
R03407,E14,2025-04-15,37,41,4,,,4,1,1,retail
R03408,E14,2025-04-15,,101,4,,,6,0,4,
R03409,E14,2025-04-15,28,18,3,,,5,1,2,agriculture
R03410,E14,2025-04-15,41,20,11,,,0,1,4,manufacturing
R03411,E14,2025-04-15,35,18,5,,878,3,1,3,manufacturing
R03412,E14,2025-04-15,28,52,6,,,6,0,4,
R03413,E14,2025-04-15,16,23,3,,,5,1,1,government
R03414,E14,2025-04-15,,51,6,,,,1,1,manufacturing
R03415,E14,2025-04-15,48,38,10,,427,5,1,3,services
R03416,E14,2025-04-15,47,36,5,,593,3,1,3,agriculture
R03417,E14,2025-04-16,50,71,9,1235,,3,1,1,agriculture
R03418,E14,2025-04-16,33,46,10,,,6,1,2,government
R03419,E14,2025-04-16,,50,7,1370,1588,6,1,2,government
R03420,E14,2025-04-16,36,48,3,1576,,,1,3,retail
R03421,E14,2025-04-16,28,,10,,,,0,3,
R03422,E14,2025-04-16,53,18,6,,,5,0,3,
R03423,E14,2025-04-16,-3,18,7,,,6,0,3,
R03424,E14,2025-04-16,37,24,7,,927,,0,1,
R03425,E14,2025-04-16,42,54,5,,,6,0,2,
R03426,E14,2025-04-16,43,19,6,,1141,5,0,2,
R03427,E14,2025-04-16,32,40,8,,,,1,4,government
R03428,E14,2025-04-16,15,34,2,,,4,0,4,
R03429,E14,2025-04-16,21,30,3,,,,0,1,
R03430,E14,2025-04-17,34,,7,,,5,1,3,manufacturing
R03431,E14,2025-04-17,50,41,3,1415,,4,1,2,manufacturing
R03432,E14,2025-04-17,,24,4,,591,,0,3,
R03433,E14,2025-04-17,40,58,7,,,5,1,4,government
R03434,E14,2025-04-17,34,30,3,,,,1,4,retail
R03435,E14,2025-04-17,45,18,4,,,2,0,3,
R03436,E14,2025-04-17,,45,7,,,3,1,2,government
R03437,E14,2025-04-17,3,40,7,,,8,1,4,retail
R03438,E14,2025-04-17,41,,7,,,,1,2,government
R03439,E14,2025-04-17,,40,9,,,5,1,4,retail
R03440,E14,2025-04-17,35,33,6,,,,1,2,agriculture
R03441,E14,2025-04-17,2,,2,,,4,1,1,manufacturing
R03442,E14,2025-04-17,41,41,5,,634,3,0,1,
R03443,E14,2025-04-17,22,20,4,,,1,1,4,manufacturing
R03444,E14,2025-04-17,42,37,5,,857,,0,1,
R03445,E14,2025-04-17,18,18,9,,,,0,3,
R03446,E14,2025-04-18,39,36,7,,,3,0,2,
R03447,E14,2025-04-18,29,51,6,,,,1,2,retail
R03448,E14,2025-04-18,48,50,4,,,,0,4,
R03449,E14,2025-04-18,35,34,8,2191,,2,1,2,agriculture
R03450,E14,2025-04-18,37,48,3,,,0,0,1,
,E14,2025-04-18,,41,9,,,6,0,2,
R03452,E14,2025-04-18,44,39,11,,,1,1,1,government
R03453,E14,2025-04-18,44,52,7,,,1,1,1,retail
R03454,E14,2025-04-18,1,31,2,,,,1,2,agriculture
R03455,E14,,,53,10,,478,1,1,2,agriculture
R03456,E14,2025-04-18,24,72,3,2125,,,1,1,retail
R03457,E14,2025-04-18,31,28,4,,,0,0,4,
R03458,E14,2025-04-18,31,,11,,,5,1,2,government
R03459,E14,2025-04-18,24,25,10,,,3,0,3,
R03460,E14,2025-04-18,28,40,5,,1245,7,1,3,government
R03461,E14,2025-04-19,33,,5,,,,0,1,
R03462,E14,2025-04-19,45,,6,,,,1,2,agriculture
R03463,E14,2025-04-19,29,61,6,,324,3,0,1,
R03464,E14,2025-04-19,32,18,4,,,5,1,2,retail
R03465,E14,2025-04-19,44,59,5,,,6,1,4,government
R03466,E14,2025-04-19,,37,2,,,,1,4,retail
R03467,E14,2025-04-19,44,45,8,,2000,,0,3,
R03468,E14,,39,42,7,,34610,6,0,3,
R03469,E14,2025-04-19,5,42,8,,,3,0,4,
R03470,E14,2025-04-19,51,45,10,,,5,0,3,
R03471,E14,2025-04-19,36,44,7,,,3,0,4,
R03472,E14,2025-04-19,,46,2,,1012,7,0,2,
R03473,E14,2025-04-19,32,,4,,,,0,4,
R03474,E14,2025-04-19,35,,3,1385,,6,1,2,government
R03475,E14,2025-04-19,30,45,6,1937,,3,1,1,government
R03476,E14,2025-04-19,30,45,4,1514,,,1,4,government
R03477,E14,2025-04-19,33,59,5,,,,1,3,government
R03478,E14,2025-04-19,37,48,7,980,,2,1,1,agriculture
R03479,E14,2025-04-20,34,46,6,,,3,1,3,agriculture
R03480,E14,2025-04-20,46,43,5,505,,2,1,2,retail
R03481,E14,2025-04-20,23,41,7,2079,,,1,2,retail
R03482,E14,2025-04-20,,55,7,,,6,1,3,manufacturing
R03483,E14,2025-04-20,22,41,7,1664,,,1,1,manufacturing
R03484,E14,2025-04-20,47,30,6,741,,4,1,1,retail
R03485,E14,2025-04-20,21,66,7,,,4,0,4,
R03486,E14,,33,38,8,,,3,1,3,agriculture
R03487,E14,2025-04-21,29,62,4,,,,0,1,
R03488,E14,2025-04-21,15,49,8,,543,2,0,3,
R03489,E14,2025-04-21,,24,7,,,2,0,2,
R03490,E14,2025-04-21,54,38,7,1316,,,1,4,services
R03491,E14,2025-04-21,2,44,7,,,,0,1,
R03492,E14,2025-04-21,,43,9,921,,10,1,1,retail
R03493,E14,2025-04-21,27,52,4,,,2,0,2,
R03494,E14,2025-04-21,36,39,3,,640,4,1,4,government
R03495,E14,2025-04-21,48,49,6,,,,1,1,services
R03496,E14,2025-04-21,24,45,3,505,462,2,1,4,agriculture
R03497,E14,2025-04-21,,43,5,,798,4,0,1,
R03498,E14,2025-04-21,20,48,5,,,,0,2,
R03499,E14,2025-04-22,34,55,8,,886,2,0,2,
R03500,E14,2025-04-22,26,,5,879,,2,0,2,
R03501,E14,2025-04-22,39,47,7,,958,,0,3,
R03502,E14,2025-04-22,,34,2,820,,,1,2,services
R03503,E14,2025-04-22,55,46,4,,,0,1,4,agriculture
R03504,E14,2025-04-22,38,61,9,,,4,0,4,
R03505,E14,2025-04-22,34,20,2,,1059,,1,1,manufacturing
R03506,E14,2025-04-22,48,22,1,,16567,3,1,4,agriculture
R03507,E14,2025-04-22,4,43,4,,618,1,0,2,
R03508,E14,2025-04-22,,39,9,,,6,0,3,
R03509,E14,2025-04-22,55,47,7,,,4,1,1,government
R03510,E14,2025-04-22,1,45,6,,,9,1,3,manufacturing
R03511,E14,2025-04-22,24,40,9,,,5,0,2,
R03512,E14,2025-04-22,27,43,5,,,,1,3,services
R03513,E14,2025-04-22,36,,7,,,,1,2,government
R03514,E14,2025-04-22,27,67,3,,790,6,1,4,services
R03515,E14,2025-04-22,52,40,2,,,7,0,4,
R03516,E14,2025-04-23,48,52,5,,2657,7,1,2,agriculture
R03517,E14,2025-04-23,37,35,4,,,3,0,4,
R03518,E14,2025-04-23,43,42,7,,,3,1,3,government
R03519,E14,2025-04-23,18,34,6,,,,1,2,government
R03520,E14,2025-04-23,39,29,7,,1304,5,1,3,services
R03521,E14,2025-04-23,23,30,5,,3442,,1,4,retail
R03522,E14,2025-04-23,46,61,4,,1297,7,1,1,retail
R03523,E14,2025-04-23,45,30,9,,1229,4,0,1,
R03524,E14,,,37,9,,,,0,2,
R03525,E14,2025-04-23,33,38,8,1101,,2,1,1,manufacturing
R03526,E14,2025-04-23,44,28,8,,,5,0,3,
R03527,E14,2025-04-23,37,,5,,,4,1,4,agriculture
R03528,E14,2025-04-24,26,44,2,,,,1,4,agriculture
R03529,E14,2025-04-24,53,24,4,,851,1,1,4,retail
R03530,E14,2025-04-24,29,44,5,,1331,6,0,4,
R03531,E14,2025-04-24,33,37,5,,,4,1,2,agriculture
,E14,2025-04-24,35,35,5,,,,0,4,
R03533,E14,2025-04-24,42,32,10,,,4,0,2,
R03534,E14,2025-04-24,34,40,5,1274,,4,1,1,services
R03535,E14,2025-04-24,,49,7,,,2,1,4,manufacturing
R03536,E14,2025-04-24,30,37,4,,985,4,0,4,
R03537,E14,2025-04-24,45,51,2,,,6,1,4,agriculture
R03538,E14,2025-04-24,47,,4,,1052,,1,4,manufacturing
R03539,E14,,33,,5,,,2,1,3,retail
R03540,E14,2025-04-24,34,10,6,,919,,1,4,agriculture
R03541,E14,2025-04-24,21,43,3,,,5,0,3,
R03542,E14,2025-04-25,340,33,9,,1407,6,0,4,
R03543,E14,2025-04-25,24,,4,,,,1,2,agriculture
R03544,E14,2025-04-25,,43,3,,868,4,0,4,
R03545,E14,2025-04-25,,28,5,,,4,1,2,agriculture
R03546,E14,2025-04-25,29,24,3,1434,1009,,1,3,government
R03547,E14,2025-04-25,,36,6,,,3,1,4,government
R03548,E14,2025-04-25,36,37,10,,,3,1,3,manufacturing
R03549,E14,2025-04-25,29,48,9,,955,6,0,1,
R03550,E14,2025-04-25,35,,2,,543,5,0,4,
R03551,E14,2025-04-26,214,48,5,2193,,,1,3,manufacturing
R03552,E14,2025-04-26,39,28,6,,,6,1,4,government
R03553,E14,2025-04-26,,68,9,,455,6,1,2,government
R03554,E14,2025-04-26,21,42,3,,1271,6,1,4,agriculture
R03555,E14,2025-04-26,17,53,5,,808,2,1,2,agriculture
R03556,E14,2025-04-26,27,41,4,,,,0,2,
R03557,E14,2025-04-26,,44,10,,,3,1,3,agriculture
R03558,E14,2025-04-26,34,18,4,,,4,1,4,manufacturing
R03559,E14,2025-04-26,26,46,5,,,,1,3,agriculture
R03560,E14,2025-04-26,42,16,11,,1171,,0,4,
R03561,E14,2025-04-26,10,26,10,,,,1,1,government
R03562,E14,2025-04-27,50,45,9,,,,0,2,
R03563,E14,,31,18,9,1339,1239,1,1,1,agriculture
R03564,E14,2025-04-27,31,48,4,,,8,1,2,government
R03565,E14,2025-04-27,29,32,3,558,,2,1,2,retail
R03566,E14,2025-04-27,16,39,4,,,,1,3,manufacturing
R03567,E14,2025-04-27,36,38,6,,,3,0,1,
R03568,E14,2025-04-27,29,41,4,761,,1,1,3,agriculture
R03569,E14,2025-04-27,48,49,2,,,1,1,3,retail
R03570,E14,2025-04-27,44,56,4,,,,0,1,
R03571,E14,2025-04-28,3,35,5,2393,,3,1,4,government
R03572,E14,2025-04-28,44,47,7,,,4,1,3,retail
R03573,E14,2025-04-28,24,32,3,,,,1,3,agriculture
R03574,E14,2025-04-28,43,30,6,,1562,3,0,4,
R03575,E14,2025-04-28,36,,7,,,4,1,2,retail
R03576,E14,2025-04-28,30,52,8,1312,,,1,4,government
R03577,E14,2025-04-28,52,38,9,697,,,1,4,services
R03578,E14,2025-04-28,49,,8,,,,0,1,
R03579,E14,2025-04-28,26,66,6,,,,0,1,
R03580,E14,2025-04-28,39,18,2,1179,1270,3,1,1,retail
R03581,E14,2025-04-28,20,49,4,,,6,0,1,
R03582,E14,2025-04-28,32,,5,,,,1,1,government
R03583,E14,2025-04-28,32,51,4,1166,939,,1,1,services
R03584,E14,2025-04-28,24,41,3,,722,,0,2,
R03585,E14,2025-04-28,30,33,2,,,3,1,4,retail
R03586,E14,2025-04-28,39,42,1,,13146,5,1,2,government
R03587,E14,2025-04-28,28,27,5,,,4,0,3,
R03588,E14,2025-04-28,53,55,7,,,9,0,4,
R03589,E14,2025-04-28,57,39,7,,1331,5,1,4,agriculture
R03590,E14,2025-04-28,21,18,5,,1338,7,0,2,
R03591,E14,2025-04-28,37,32,10,,,5,1,3,services
R03592,E14,2025-04-29,24,53,4,,663,4,1,4,manufacturing
R03593,E14,2025-04-29,36,64,6,,,,1,4,agriculture
R03594,E14,2025-04-29,39,79,11,,,,1,2,services
R03595,E14,2025-04-29,42,18,9,,,5,0,3,
R03596,E14,2025-04-29,45,38,5,,,5,1,4,manufacturing
R03597,E14,2025-04-29,318,,2,1082,,4,1,4,manufacturing
R03598,E14,2025-04-29,294,47,7,,,7,1,4,agriculture
R03599,E14,2025-04-29,46,46,8,,,,0,4,
R03600,E14,2025-04-29,37,41,8,,,,1,4,manufacturing
,E14,,,43,6,34671,,5,1,3,retail
R03602,E14,2025-04-30,35,37,5,,,,1,2,agriculture
R03603,E14,2025-04-30,,61,8,,808,6,0,2,
R03604,E14,2025-04-30,,52,9,,,3,1,4,services
R03605,E14,2025-04-30,33,36,4,,,,0,2,
R03606,E14,2025-04-30,35,56,3,,,,0,2,
R03607,E14,2025-04-30,5,46,6,,1268,3,1,1,government
R03608,E14,2025-04-30,41,43,3,1404,1107,5,1,2,agriculture
R03609,E14,2025-04-30,33,102,4,,,,1,1,retail
R03610,E14,2025-04-30,47,18,11,,,,1,2,government
R03611,E15,2025-04-01,18,23,8,513,516,3,1,3,manufacturing
R03612,E15,2025-04-01,40,36,4,,1015,5,1,2,services
R03613,E15,2025-04-01,31,40,4,1144,,5,1,2,government
R03614,E15,2025-04-01,35,37,3,,1253,4,0,1,
R03615,E15,2025-04-01,33,38,4,1220,,7,1,2,agriculture
R03616,E15,2025-04-01,32,51,4,861,,4,1,1,agriculture
R03617,E15,2025-04-02,40,61,6,579,618,7,1,1,agriculture
R03618,E15,2025-04-02,27,39,2,1005,615,4,1,3,manufacturing
R03619,E15,2025-04-02,25,30,4,2111,7865,4,1,4,services
R03620,E15,2025-04-02,18,41,2,,1645,6,0,2,
R03621,E15,2025-04-02,29,21,5,1122,896,5,1,4,agriculture
R03622,E15,2025-04-02,42,25,7,1149,1133,3,1,4,agriculture
R03623,E15,2025-04-02,36,37,3,602,403,,1,4,government
R03624,E15,2025-04-02,45,39,6,,,5,0,4,
R03625,E15,2025-04-02,38,41,5,,1301,4,0,2,
R03626,E15,2025-04-02,43,31,7,2417,2359,6,1,2,retail
R03627,E15,2025-04-02,41,37,7,1698,1156,2,1,1,agriculture
R03628,E15,2025-04-03,34,36,4,,1129,4,0,3,
R03629,E15,2025-04-03,39,34,5,1856,1354,3,1,1,manufacturing
R03630,E15,2025-04-03,41,37,4,1293,896,7,1,3,agriculture
R03631,E15,2025-04-03,42,38,5,568,489,2,1,1,retail
R03632,E15,2025-04-03,44,50,6,1025,1193,5,1,2,manufacturing
R03633,E15,2025-04-03,39,58,3,,1150,4,0,1,
R03634,E15,2025-04-03,34,56,6,,,6,0,1,
R03635,E15,2025-04-03,33,48,5,1266,910,1,1,2,agriculture
R03636,E15,2025-04-03,32,60,2,,2886,7,0,2,
R03637,E15,2025-04-04,39,42,8,1836,1372,5,1,4,manufacturing
R03638,E15,2025-04-04,53,48,2,,719,3,0,3,
R03639,E15,2025-04-04,54,56,6,,7536,7,0,3,
R03640,E15,2025-04-04,38,34,3,1286,1024,2,1,4,government
R03641,E15,2025-04-04,33,44,5,1094,924,1,1,4,manufacturing
R03642,E15,2025-04-04,51,60,7,1484,994,4,1,2,services
R03643,E15,2025-04-04,48,19,8,,,3,0,1,
R03644,E15,2025-04-04,20,55,4,1675,1021,1,1,3,manufacturing
R03645,E15,2025-04-05,33,30,10,,1406,3,0,4,
R03646,E15,2025-04-05,48,61,7,866,524,0,1,4,government
R03647,E15,2025-04-05,37,31,6,1194,891,3,1,3,services
R03648,E15,2025-04-05,52,48,3,1131,932,4,1,4,government
R03649,E15,2025-04-05,,56,9,2272,2191,6,1,3,services
R03650,E15,2025-04-06,31,71,4,,871,6,0,1,
R03651,E15,2025-04-06,28,49,4,1017,1008,3,1,1,retail
R03652,E15,2025-04-06,39,46,8,891,869,3,1,4,services
R03653,E15,2025-04-06,45,50,10,,653,6,1,3,government
R03654,E15,2025-04-07,44,42,6,1291,1374,,1,2,services
R03655,E15,2025-04-07,39,39,6,,405,2,1,2,services
R03656,E15,2025-04-07,49,65,4,564,578,5,1,2,services
R03657,E15,2025-04-07,34,24,4,,1523,,1,3,agriculture
R03658,E15,2025-04-07,34,41,9,,896,2,1,1,services
R03659,E15,2025-04-07,32,30,3,1038,1107,5,1,3,manufacturing
R03660,E15,2025-04-07,50,28,6,773,674,1,1,4,services
R03661,E15,2025-04-08,20,37,5,823,597,,1,2,agriculture
R03662,E15,2025-04-08,23,25,8,1690,1338,3,1,1,retail
R03663,E15,,29,19,5,,1436,1,0,4,
R03664,E15,2025-04-08,41,23,2,724,540,4,1,4,services
R03665,E15,2025-04-08,49,34,10,,1285,4,0,2,
R03666,E15,2025-04-08,32,40,7,1566,1390,3,1,4,government
R03667,E15,2025-04-08,37,55,7,1468,1436,4,1,3,government
R03668,E15,2025-04-09,,44,4,1029,893,6,1,4,manufacturing
R03669,E15,2025-04-09,35,64,2,872,888,2,1,4,manufacturing
R03670,E15,2025-04-09,46,48,10,483,443,3,1,3,agriculture
R03671,E15,2025-04-09,44,44,4,1152,1156,3,1,1,government
R03672,E15,2025-04-09,35,54,4,1576,867,9,1,4,agriculture
R03673,E15,2025-04-09,,18,5,,1045,3,0,1,
R03674,E15,2025-04-09,51,38,8,,1403,7,1,1,agriculture
R03675,E15,2025-04-09,59,59,5,444,373,3,1,4,services
R03676,E15,2025-04-09,29,39,7,1819,1513,4,1,3,government
R03677,E15,2025-04-09,27,18,5,,591,8,1,3,government
R03678,E15,2025-04-09,47,52,10,1276,1098,7,1,4,services
R03679,E15,2025-04-09,43,36,3,1215,679,5,1,4,government
R03680,E15,2025-04-09,13,21,4,,1588,,0,1,
R03681,E15,2025-04-09,33,43,4,,,0,0,1,
R03682,E15,2025-04-10,39,25,5,911,782,0,1,1,agriculture
R03683,E15,2025-04-10,34,38,4,1302,1149,4,1,3,government
R03684,E15,2025-04-10,45,69,6,1208,955,5,1,1,manufacturing
R03685,E15,2025-04-11,46,44,6,,664,5,0,3,
R03686,E15,2025-04-11,28,22,2,,713,1,0,1,
R03687,E15,2025-04-11,28,63,7,,636,3,0,1,
R03688,E15,2025-04-11,38,18,7,1547,1421,2,1,1,agriculture
R03689,E15,2025-04-11,32,60,3,1600,,8,1,3,agriculture
R03690,E15,2025-04-11,22,32,4,1225,1214,7,1,4,services
R03691,E15,2025-04-12,29,46,3,831,799,5,1,2,retail
R03692,E15,2025-04-12,39,40,5,,1190,6,1,2,services
R03693,E15,2025-04-12,35,46,3,,1178,3,0,4,
R03694,E15,,42,50,10,2059,2485,1,1,1,retail
R03695,E15,2025-04-12,28,31,10,1689,1708,0,1,4,government
R03696,E15,2025-04-12,43,57,6,,628,,0,3,
R03697,E15,2025-04-12,40,33,4,,946,7,0,4,
R03698,E15,2025-04-12,39,36,5,,614,9,1,3,services
R03699,E15,2025-04-13,39,46,5,,815,2,0,3,
R03700,E15,2025-04-13,22,39,5,884,609,6,1,2,manufacturing
R03701,E15,2025-04-13,24,21,3,2585,2324,7,1,1,government
R03702,E15,2025-04-13,43,47,4,990,879,2,1,1,manufacturing
R03703,E15,2025-04-13,33,24,8,1987,1492,3,1,4,manufacturing
R03704,E15,2025-04-14,22,43,6,,1150,2,1,3,manufacturing
R03705,E15,2025-04-14,52,19,6,,445,2,0,3,
R03706,E15,2025-04-14,38,18,10,,795,6,0,3,
R03707,E15,2025-04-14,32,61,7,,930,0,0,2,
R03708,E15,2025-04-14,27,35,4,,1645,6,0,1,
R03709,E15,2025-04-15,19,18,4,,482,1,0,2,
R03710,E15,2025-04-15,29,18,7,,907,5,0,4,
R03711,E15,2025-04-15,22,53,5,,1782,5,0,2,
R03712,E15,2025-04-15,39,37,6,,2065,3,0,2,
R03713,E15,2025-04-15,,53,3,827,414,6,1,4,manufacturing
R03714,E15,2025-04-16,29,41,4,794,626,1,1,1,manufacturing
R03715,E15,2025-04-16,23,61,3,690,570,5,1,1,agriculture
R03716,E15,2025-04-16,27,40,3,1262,1260,4,1,4,manufacturing
R03717,E15,2025-04-16,41,42,5,2052,1752,3,1,4,retail
R03718,E15,2025-04-16,29,,3,519,619,4,1,3,agriculture
R03719,E15,2025-04-16,39,22,7,,882,4,0,1,
R03720,E15,2025-04-16,45,66,9,2043,2054,5,1,2,manufacturing
R03721,E15,2025-04-16,33,44,8,1066,1174,,1,4,retail
R03722,E15,2025-04-16,47,26,4,963,982,2,1,4,services
R03723,E15,2025-04-16,27,52,8,1388,927,9,1,1,government
R03724,E15,2025-04-16,38,64,9,,1648,3,0,4,
R03725,E15,2025-04-16,39,47,8,1130,828,4,1,2,government
R03726,E15,2025-04-16,40,49,3,629,562,2,1,3,retail
R03727,E15,2025-04-17,28,18,3,1128,906,5,1,4,agriculture
R03728,E15,2025-04-17,51,31,3,1149,1176,8,1,2,agriculture
R03729,E15,2025-04-17,43,23,10,4762,2982,11,1,1,agriculture
R03730,E15,2025-04-17,49,36,2,,2408,5,1,2,agriculture
R03731,E15,2025-04-17,36,42,2,,2174,6,1,3,manufacturing
R03732,E15,2025-04-17,30,50,5,,746,2,0,4,
R03733,E15,2025-04-17,33,46,5,1163,1154,5,1,1,manufacturing
R03734,E15,2025-04-18,33,55,5,,1790,8,0,3,
R03735,E15,2025-04-18,45,38,3,2048,1844,4,1,2,manufacturing
R03736,E15,2025-04-18,44,18,9,657,659,3,1,3,retail
R03737,E15,2025-04-18,47,56,4,902,937,4,1,1,agriculture
R03738,E15,2025-04-18,27,59,2,1005,850,6,1,4,services
R03739,E15,2025-04-18,43,31,4,,1064,3,0,2,
R03740,E15,2025-04-18,34,26,5,850,726,4,1,1,manufacturing
R03741,E15,2025-04-19,47,41,4,1588,1562,0,1,4,manufacturing
R03742,E15,2025-04-19,36,42,4,,1048,2,0,4,
R03743,E15,2025-04-19,36,24,2,563,421,1,1,1,manufacturing
R03744,E15,2025-04-19,31,39,6,,,4,0,1,
R03745,E15,2025-04-20,18,27,5,1710,1513,7,1,1,retail
R03746,E15,2025-04-20,26,40,3,,566,2,1,4,retail
R03747,E15,2025-04-20,28,40,4,1709,1537,4,1,2,government
R03748,E15,2025-04-20,29,46,2,721,670,3,1,1,retail
R03749,E15,2025-04-20,26,18,10,630,490,3,1,3,manufacturing
R03750,E15,2025-04-21,51,35,8,588,523,4,1,2,manufacturing
R03751,E15,2025-04-21,29,43,5,,528,3,0,1,
R03752,E15,2025-04-22,21,61,7,,1785,6,1,3,government
R03753,E15,2025-04-22,39,30,6,,1534,2,1,3,retail
R03754,E15,2025-04-22,32,,6,1364,1130,1,1,4,services
R03755,E15,2025-04-22,38,57,2,893,493,7,1,1,services
R03756,E15,2025-04-22,37,41,7,1655,1010,7,1,3,retail
R03757,E15,2025-04-22,48,50,4,,1232,7,0,4,agriculture
R03758,E15,2025-04-23,22,48,4,2405,2037,5,1,1,manufacturing
R03759,E15,2025-04-23,35,36,8,,,3,0,2,
R03760,E15,2025-04-23,41,47,5,1650,859,3,1,2,services
R03761,E15,2025-04-23,35,58,3,1207,1172,4,1,2,retail
R03762,E15,2025-04-23,39,52,6,,1060,7,0,4,
R03763,E15,2025-04-23,26,18,4,1020,712,3,1,1,manufacturing
R03764,E15,2025-04-23,45,46,9,526,613,2,0,4,
R03765,E15,2025-04-23,38,33,5,1211,,6,1,3,retail
R03766,E15,2025-04-23,35,,7,,,3,0,4,
R03767,E15,2025-04-23,30,28,6,,1044,3,0,2,
R03768,E15,2025-04-23,42,46,4,1050,806,4,1,3,services
R03769,E15,2025-04-23,41,62,6,1740,2148,1,1,4,services
R03770,E15,2025-04-24,26,50,8,1475,1560,6,1,1,retail
R03771,E15,2025-04-24,21,18,3,2525,8140,4,1,3,retail
R03772,E15,2025-04-24,39,44,8,1428,1294,2,1,4,retail
R03773,E15,2025-04-24,23,41,3,,1725,2,0,3,
R03774,E15,2025-04-24,30,18,11,,1333,3,1,1,government
R03775,E15,2025-04-24,43,45,10,,947,5,0,2,
R03776,E15,2025-04-25,39,47,7,1336,1531,8,1,2,retail
R03777,E15,2025-04-25,41,18,5,,2976,,0,2,
R03778,E15,2025-04-25,41,,3,1112,1129,3,1,3,agriculture
R03779,E15,2025-04-25,28,39,8,,,7,0,1,
R03780,E15,2025-04-25,25,18,6,1218,,2,1,2,services
R03781,E15,2025-04-26,33,32,3,,953,0,0,1,
R03782,E15,2025-04-26,,32,5,953,,1,1,3,agriculture
R03783,E15,2025-04-26,52,37,3,1183,822,2,1,1,agriculture
R03784,E15,2025-04-26,39,33,5,1343,,4,1,3,services
R03785,E15,2025-04-26,44,51,9,,703,1,0,2,
R03786,E15,2025-04-26,42,28,10,,2253,8,0,3,
R03787,E15,2025-04-26,36,43,2,2150,1163,7,1,2,government
R03788,E15,2025-04-27,34,42,4,981,956,2,1,1,services
R03789,E15,2025-04-27,39,38,4,1878,1868,6,1,4,services
R03790,E15,2025-04-27,41,62,6,1948,1381,6,1,4,government
R03791,E15,2025-04-27,36,31,3,717,603,4,1,1,services
,E15,2025-04-28,18,36,5,,1008,0,0,3,
R03793,E15,2025-04-28,29,40,6,1169,831,4,1,4,services
R03794,E15,2025-04-28,40,33,4,,1318,,0,2,
R03795,E15,2025-04-28,43,55,5,1258,1053,3,1,2,services
R03796,E15,2025-04-28,31,21,7,768,600,1,1,2,services
R03797,E15,2025-04-28,44,24,11,685,910,5,1,3,retail
R03798,E15,2025-04-29,36,44,8,,1195,,0,4,
R03799,E15,2025-04-29,32,65,10,,931,2,1,4,government
R03800,E15,2025-04-29,43,38,2,1273,1200,5,1,4,services
R03801,E15,2025-04-29,31,23,1,,17614,4,1,3,government
R03802,E15,2025-04-29,43,53,5,865,745,3,1,4,government
R03803,E15,2025-04-29,39,31,2,,560,4,0,4,
R03804,E15,2025-04-30,45,30,7,1464,1395,2,1,1,government
R03805,E15,2025-04-30,,24,9,2037,1621,5,1,2,retail
R01189,E16,2025-04-03,30,35,4,,1105,9,0,2,
R03797,E16,2025-04-03,28,,3,1907,1222,6,1,3,manufacturing
R03808,E16,2025-04-03,40,26,3,2339,1753,9,1,3,agriculture
R03809,E16,2025-04-03,49,43,9,,697,1,0,4,
R03810,E16,2025-04-03,31,26,8,,1239,5,1,1,government
R03811,E16,2025-04-03,,29,3,,1147,4,0,4,
R03812,E16,2025-04-03,36,41,4,,1113,3,0,1,
R03813,E16,2025-04-03,20,46,5,2837,3435,4,1,1,services
R03814,E16,2025-04-03,20,49,10,3217,3456,7,1,3,retail
R03815,E16,2025-04-03,48,18,7,1908,,6,1,3,agriculture
R03816,E16,2025-04-03,29,50,1,,13478,4,1,1,manufacturing
R03817,E16,2025-04-03,39,41,7,1713,1236,4,1,4,manufacturing
R03818,E16,2025-04-03,36,38,6,1004,936,4,1,2,services
R03819,E16,2025-04-03,44,25,6,3990,3590,9,1,1,government
R03820,E16,2025-04-03,45,50,3,1696,1250,5,1,2,agriculture
R03821,E16,2025-04-03,42,50,7,1208,1298,4,1,2,retail
R03822,E16,2025-04-05,55,42,6,,847,5,0,1,
R03823,E16,2025-04-05,36,63,8,1792,1430,4,1,1,government
R03824,E16,2025-04-05,13,34,4,1032,812,4,1,4,government
R03825,E16,2025-04-05,40,34,7,3278,2055,,1,1,services
R03826,E16,2025-04-05,37,18,6,2525,2453,6,1,2,manufacturing
R03827,E16,2025-04-05,46,38,9,,1012,3,0,3,
R03828,E16,2025-04-05,37,33,5,,1426,6,0,4,
R03829,E16,2025-04-05,46,18,8,,906,3,0,1,
R03830,E16,2025-04-05,38,18,5,1766,2148,4,1,1,manufacturing
R03831,E16,2025-04-05,35,18,4,1043,935,3,1,2,manufacturing
R03832,E16,,34,30,3,843,752,4,1,2,government
R03833,E16,2025-04-05,35,46,9,3481,,6,1,3,agriculture
R03834,E16,2025-04-05,17,52,8,,730,0,0,4,
R03835,E16,2025-04-05,32,43,6,1082,911,5,1,3,government
R03836,E16,2025-04-05,41,40,12,2673,2866,6,1,1,government
R03837,E16,2025-04-05,37,39,7,14910,,0,1,4,manufacturing
R03838,E16,2025-04-05,,25,10,1703,1451,4,1,4,agriculture
R03839,E16,2025-04-08,25,54,2,1598,949,5,1,1,retail
R03840,E16,2025-04-08,28,75,4,1725,1331,6,1,4,agriculture
R03841,E16,2025-04-08,26,24,5,,874,,0,3,
R03842,E16,2025-04-08,27,44,5,,1811,10,0,4,
R03843,E16,2025-04-08,30,53,9,,747,0,0,4,
R03844,E16,2025-04-08,29,72,2,1341,971,5,1,2,services
R03845,E16,2025-04-08,29,53,6,1073,899,3,1,2,services
R03846,E16,2025-04-08,,23,8,,1385,0,0,4,
R03847,E16,2025-04-08,30,33,4,1384,,7,1,2,manufacturing
R03848,E16,2025-04-08,36,45,3,916,634,,1,3,government
R03849,E16,2025-04-08,42,39,5,,1416,8,0,2,
R03850,E16,2025-04-08,38,30,7,1027,1062,0,1,3,government
R03851,E16,2025-04-10,38,47,9,1707,1242,8,1,4,government
R03852,E16,2025-04-10,28,60,3,,,5,0,2,
R03853,E16,2025-04-10,27,22,4,1299,960,3,1,3,manufacturing
R03854,E16,2025-04-10,25,41,8,1617,1197,6,1,3,retail
R03855,E16,2025-04-10,41,76,4,801,,4,1,4,agriculture
R03856,E16,2025-04-10,35,43,5,1566,825,4,1,2,manufacturing
R03857,E16,2025-04-10,25,43,2,1561,1267,3,1,1,government
R03858,E16,2025-04-10,33,18,6,,854,5,0,4,
R03859,E16,2025-04-10,60,44,9,,,11,1,2,manufacturing
R03860,E16,2025-04-10,51,45,8,3179,2547,,1,2,government
R03861,E16,2025-04-10,39,38,10,,1090,5,0,4,agriculture
R03862,E16,2025-04-10,38,50,3,,774,7,0,1,
R03863,E16,2025-04-10,42,29,3,582,517,6,1,1,agriculture
R03864,E16,2025-04-10,49,62,10,,681,7,0,1,
R03865,E16,2025-04-13,53,29,3,1080,1174,3,1,3,retail
R03866,E16,2025-04-13,28,19,8,1302,1563,5,1,1,manufacturing
R03867,E16,2025-04-13,25,35,4,1756,1327,6,1,4,government
R03868,E16,2025-04-13,35,27,8,,1221,1,1,2,manufacturing
R03869,E16,2025-04-13,51,47,8,624,476,5,1,4,services
R03870,E16,2025-04-13,32,59,6,,3538,9,1,2,government
R03871,E16,2025-04-13,34,30,3,,1647,7,0,2,
R03872,E16,2025-04-13,49,57,7,463,555,4,1,1,agriculture
R03873,E16,2025-04-13,57,35,7,1038,804,3,1,2,agriculture
R03874,E16,2025-04-13,39,31,1,1511,761,,1,4,retail
R03875,E16,2025-04-13,42,23,1,697,605,4,1,1,services
R03876,E16,2025-04-14,27,58,2,1625,1624,4,1,4,manufacturing
R03877,E16,2025-04-14,39,41,8,,964,1,0,4,
R03878,E16,2025-04-14,24,34,4,922,754,1,1,3,retail
R03879,E16,2025-04-14,39,24,6,,815,0,0,2,
R03880,E16,2025-04-14,32,42,4,,491,4,0,4,
R03881,E16,2025-04-14,47,41,4,1464,1214,1,1,4,agriculture
R03882,E16,2025-04-14,33,43,5,1565,1709,3,1,2,retail
R03883,E16,2025-04-14,30,47,11,,934,4,1,1,government
R03884,E16,2025-04-14,44,18,4,2013,1888,2,1,3,agriculture
R03885,E16,2025-04-14,30,50,5,1352,1159,4,1,3,services
R03886,E16,2025-04-14,15,26,6,,1062,0,1,3,agriculture
R03887,E16,2025-04-14,35,43,5,,842,3,0,2,
R03888,E16,2025-04-14,32,75,3,,,5,0,1,
R03889,E16,2025-04-14,36,36,7,1569,1342,9,1,2,retail
R03890,E16,2025-04-14,53,42,9,,730,0,0,3,
,E16,2025-04-14,20,24,5,1180,1139,5,1,1,retail
R03892,E16,2025-04-14,22,55,4,1250,965,7,1,1,retail
R03893,E16,2025-04-14,15,56,1,926,868,2,1,3,agriculture
R03894,E16,,27,49,2,1846,896,6,1,4,services
R03895,E16,2025-04-17,27,67,7,1777,1273,5,1,1,manufacturing
R03896,E16,2025-04-17,41,,5,1130,994,5,1,3,agriculture
R03897,E16,2025-04-17,27,23,6,493,419,3,1,1,retail
R03898,E16,2025-04-17,15,43,3,,638,5,0,1,
R03899,E16,2025-04-17,29,42,3,971,645,4,1,1,government
R03900,E16,2025-04-17,36,44,8,522,679,4,1,1,retail
R03901,E16,2025-04-17,29,37,3,1534,1298,2,1,2,services
R03902,E16,2025-04-17,55,56,2,,1032,4,0,1,
R03903,E16,2025-04-17,43,32,5,,1576,8,1,2,services
R03904,E16,2025-04-17,24,49,4,885,775,6,1,3,manufacturing
R03905,E16,2025-04-17,,59,5,1277,1140,5,1,1,agriculture
R03906,E16,2025-04-18,28,41,7,,570,5,0,2,
R03907,E16,2025-04-18,33,28,2,414,321,1,1,4,agriculture
R03908,E16,2025-04-18,43,54,6,1397,1032,5,1,1,government
R03909,E16,2025-04-18,35,55,4,,1221,6,0,2,
R03910,E16,2025-04-18,45,19,4,1011,826,2,1,4,retail
R03911,E16,2025-04-18,36,42,11,975,1030,1,1,4,agriculture
R03912,E16,2025-04-18,37,38,4,,1418,5,0,3,
R03913,E16,2025-04-18,34,68,5,885,697,5,1,3,government
R03914,E16,2025-04-18,30,29,4,,942,0,0,2,
R03915,E16,2025-04-18,28,50,7,922,843,0,1,1,manufacturing
R03916,E16,2025-04-18,45,47,3,1456,1177,7,1,1,agriculture
R03917,E16,2025-04-18,31,28,7,,,6,0,2,
R03918,E16,2025-04-20,44,57,4,,1826,5,0,1,
R03919,E16,2025-04-20,33,30,4,885,799,3,1,4,manufacturing
R03920,E16,2025-04-20,21,46,7,1032,1006,3,1,3,services
R03921,E16,2025-04-20,47,39,5,1040,775,2,1,2,services
R03922,E16,2025-04-20,40,44,4,869,1021,2,1,4,government
R03923,E16,2025-04-20,34,24,5,,1272,5,1,1,agriculture
R03924,E16,2025-04-20,26,40,3,1647,1548,5,1,2,government
R03925,E16,2025-04-20,37,59,21,,513,5,0,3,
R03926,E16,2025-04-20,30,61,3,,1148,4,0,2,
R03927,E16,2025-04-20,32,49,7,632,771,1,1,3,services
R03928,E16,2025-04-21,40,27,5,,1290,4,0,3,
R03929,E16,2025-04-21,40,43,7,,341,4,0,2,
R03930,E16,2025-04-21,25,34,3,830,,2,1,3,services
R03931,E16,2025-04-21,21,49,2,2245,1655,5,1,1,agriculture
R03932,E16,2025-04-21,25,50,4,1593,1365,5,1,4,retail
R03933,E16,2025-04-21,,28,8,1016,1027,4,1,1,manufacturing
R03934,E16,2025-04-21,207,44,3,,2635,4,0,2,
R03935,E16,2025-04-21,29,51,6,864,1077,4,1,2,agriculture
R03936,E16,2025-04-21,29,36,5,1599,1320,2,1,2,agriculture
R03937,E16,2025-04-21,22,40,3,,711,3,0,4,
R03938,E16,2025-04-21,46,55,11,,862,4,1,4,agriculture
R03939,E16,2025-04-23,46,43,5,2068,1197,,1,1,services
R03940,E16,2025-04-23,28,48,6,591,497,0,1,4,services
R03941,E16,2025-04-23,36,59,7,,782,3,0,1,
R03942,E16,2025-04-23,30,43,4,23509,1753,0,1,4,government
R03943,E16,2025-04-23,32,27,4,1714,15898,3,1,4,government
R03944,E16,2025-04-23,36,54,9,1099,1212,7,1,2,manufacturing
R03945,E16,2025-04-23,24,33,5,1089,,2,1,4,retail
R03946,E16,2025-04-23,22,22,10,2059,1395,6,1,3,agriculture
R03947,E16,2025-04-23,27,16,8,584,464,3,1,3,agriculture
R03948,E16,2025-04-25,20,30,3,,640,1,0,3,
R03949,E16,2025-04-25,44,25,7,,,4,0,3,
R03950,E16,2025-04-25,34,39,5,,1722,8,0,2,
R03951,E16,2025-04-25,42,39,6,,1071,6,0,3,
R03952,E16,2025-04-25,22,65,5,,1724,3,0,4,
R03953,E16,2025-04-25,30,35,9,,573,3,0,1,
R03954,E16,2025-04-25,21,29,4,,1045,4,0,4,
R03955,E16,2025-04-25,32,25,10,,963,0,0,3,
R03956,E16,2025-04-25,38,57,3,,1187,6,0,4,
R03957,E16,2025-04-25,50,58,6,2434,1903,3,1,3,manufacturing
R03958,E16,2025-04-25,44,42,8,,1048,6,0,4,
R03959,E16,2025-04-25,28,34,8,,739,4,0,2,
R03960,E16,2025-04-25,32,30,4,,1487,1,1,1,services
R03961,E16,2025-04-25,35,31,4,,1188,3,0,3,
R03962,E16,2025-04-25,33,30,3,,1650,5,1,2,retail
R03963,E16,2025-04-25,31,51,7,1827,1711,2,1,4,agriculture
R03964,E16,2025-04-26,33,38,3,624,570,2,1,3,services
R03965,E16,2025-04-26,45,55,3,817,772,7,1,1,agriculture
R03966,E16,2025-04-26,37,31,4,1701,1239,6,1,3,services
R03967,E16,2025-04-26,40,30,5,,700,5,0,4,
R03968,E16,2025-04-26,30,50,4,1316,1501,,1,4,agriculture
R03969,E16,2025-04-26,29,31,4,1434,1501,4,1,3,government
R03970,E16,2025-04-26,31,24,7,1072,747,,1,2,government
R03971,E16,2025-04-26,38,49,5,,841,1,1,1,services
R03972,E16,2025-04-26,26,41,2,,555,3,0,3,
R03973,E16,2025-04-26,48,28,8,,828,5,0,4,
R03974,E16,2025-04-26,45,47,4,1214,948,4,1,3,services
R03975,E16,2025-04-26,33,31,3,,662,5,0,2,
R03976,E16,2025-04-26,,18,3,887,1006,0,1,2,manufacturing
R03977,E16,2025-04-27,34,,5,,403,3,0,1,
R03978,E16,2025-04-27,20,,3,,,7,1,1,manufacturing
R03979,E16,2025-04-27,29,57,3,1460,1207,4,1,4,retail
R03980,E16,2025-04-27,51,18,11,1717,1505,3,1,2,agriculture
R03981,E16,2025-04-27,39,21,6,,,2,0,3,
R03982,E16,2025-04-27,37,25,7,,939,3,0,1,
R03983,E16,2025-04-27,27,45,9,865,775,3,1,3,retail
R03984,E16,2025-04-27,45,104,2,,780,10,0,2,
R03985,E16,2025-04-27,37,28,9,933,1005,,1,1,retail
R03986,E16,2025-04-27,37,36,3,1035,924,7,1,1,manufacturing
R03987,E16,2025-04-27,53,27,5,1633,996,6,1,3,government
R03988,E16,2025-04-27,60,33,7,2263,1791,5,1,4,services
R03989,E16,2025-04-27,35,48,6,672,,8,1,3,retail
R03990,E16,2025-04-27,32,44,8,,2721,5,0,3,
R03991,E17,2025-04-01,35,42,6,,,6,0,3,
R03992,E17,2025-04-01,29,,6,,982,1,1,3,retail
R03993,E17,2025-04-01,37,57,3,1773,1580,6,1,3,agriculture
R03994,E17,2025-04-01,44,51,4,1136,1266,4,1,2,retail
R03995,E17,2025-04-01,47,34,3,2625,2347,8,1,2,services
R03996,E17,2025-04-01,32,31,5,1177,1167,2,1,3,manufacturing
R03997,E17,2025-04-01,42,58,7,3171,1979,8,1,1,manufacturing
R03998,E17,2025-04-01,42,55,4,1242,1017,4,1,1,agriculture
R03999,E17,2025-04-01,39,41,7,,608,3,0,2,
R04000,E17,2025-04-01,,18,8,838,773,,1,4,retail
R04001,E17,2025-04-01,45,29,10,,1208,5,0,1,
R04002,E17,2025-04-01,22,26,3,1067,918,5,1,4,services
R04003,E17,2025-04-01,36,30,9,1549,1157,5,1,3,manufacturing
R04004,E17,2025-04-01,29,33,4,1741,1884,3,1,3,manufacturing
R04005,E17,2025-04-01,34,44,6,1083,759,3,1,1,manufacturing
R04006,E17,2025-04-01,45,19,7,815,753,8,1,4,services
R04007,E17,2025-04-06,17,56,5,856,759,5,1,1,services
R04008,E17,2025-04-06,42,24,7,727,2576,1,1,2,government
R04009,E17,2025-04-06,21,40,2,,1238,4,0,2,
R04010,E17,2025-04-06,24,42,8,1801,1585,4,1,2,retail
R04011,E17,2025-04-06,33,84,5,814,707,0,1,4,retail
R04012,E17,2025-04-06,38,40,9,2167,1940,1,1,3,services
R04013,E17,2025-04-06,49,33,5,2249,2050,8,1,1,agriculture
R04014,E17,2025-04-06,26,52,1,1176,775,3,1,2,retail
R04015,E17,2025-04-06,34,45,9,2511,2126,7,1,2,manufacturing
R04016,E17,2025-04-06,37,38,4,,1556,2,0,1,
R04017,E17,2025-04-06,33,56,5,819,836,5,1,4,services
R04018,E17,2025-04-06,31,35,11,,669,4,0,4,
R04019,E17,2025-04-06,29,55,7,,,0,0,2,
R04020,E17,2025-04-06,37,44,6,,905,4,0,4,
R04021,E17,2025-04-06,48,44,8,1271,1484,5,1,2,agriculture
R04022,E17,2025-04-06,31,42,6,929,1053,2,1,4,government
R04023,E17,2025-04-06,41,42,3,1578,1696,10,1,4,retail
R04024,E17,2025-04-06,48,21,7,1460,892,4,1,3,agriculture
R04025,E17,2025-04-07,39,19,5,1134,743,6,1,3,retail
R04026,E17,2025-04-07,47,47,6,2879,2537,4,1,1,agriculture
R04027,E17,2025-04-07,47,28,7,2007,1784,,1,3,government
R04028,E17,2025-04-07,52,28,7,,1353,1,0,4,
R04029,E17,2025-04-07,31,22,6,,1620,5,0,4,
R04030,E17,2025-04-08,38,41,3,2152,1873,5,1,4,manufacturing
R04031,E17,2025-04-08,34,18,7,,940,8,0,1,
R04032,E17,2025-04-08,29,34,3,724,491,8,1,1,retail
R04033,E17,2025-04-08,33,40,4,1693,1446,4,1,4,government
R04034,E17,2025-04-08,20,44,7,1293,1029,2,1,2,retail
R04035,E17,2025-04-08,45,36,5,,449,1,0,3,
R04036,E17,2025-04-08,27,47,9,,,,0,1,
R04037,E17,2025-04-08,47,34,6,,1624,6,1,4,services
R04038,E17,2025-04-08,41,33,4,1899,1530,8,1,4,services
R04039,E17,2025-04-08,27,47,4,2122,,4,1,3,manufacturing
R04040,E17,2025-04-08,27,33,6,,692,3,0,1,
R04041,E17,2025-04-08,40,52,8,,722,2,0,2,
R04042,E17,2025-04-08,35,44,7,907,614,3,1,3,retail
R04043,E17,2025-04-08,28,46,5,,635,4,0,3,
R04044,E17,2025-04-08,48,48,2,1652,1117,6,1,3,manufacturing
R04045,E17,2025-04-08,26,34,6,1427,1322,3,1,3,government
R04046,E17,2025-04-08,50,61,7,,3031,4,1,2,services
R04047,E17,2025-04-09,41,46,1,,13879,,0,3,
R04048,E17,2025-04-09,30,33,10,2231,1176,7,0,1,
R04049,E17,2025-04-09,28,44,5,,927,6,0,3,
R04050,E17,2025-04-09,27,54,8,,786,6,1,2,retail
R04051,E17,2025-04-09,17,51,2,,823,3,0,2,
R04052,E17,2025-04-09,53,51,9,3448,3345,7,1,1,retail
R04053,E17,2025-04-09,50,38,12,771,999,3,1,2,agriculture
R04054,E17,2025-04-09,43,63,2,715,657,,1,1,services
R04055,E17,2025-04-09,34,37,3,1690,1974,3,1,4,government
R04056,E17,2025-04-09,28,43,8,1249,858,3,1,4,services
R04057,E17,2025-04-09,38,48,4,,1694,6,0,1,
R04058,E17,2025-04-09,49,34,4,30400,1163,,1,4,government
,E17,2025-04-11,45,43,3,,1352,7,1,2,services
R04060,E17,2025-04-11,31,30,8,,871,6,0,1,
R04061,E17,2025-04-11,45,48,11,,962,3,0,1,
R04062,E17,2025-04-11,32,34,4,,,6,0,2,
R04063,E17,2025-04-11,28,61,2,,914,3,0,3,
R04064,E17,2025-04-11,,44,9,414,447,4,1,3,services
R04065,E17,2025-04-11,52,43,11,966,991,5,1,1,services
R04066,E17,2025-04-11,52,,9,,508,0,0,1,
R04067,E17,2025-04-11,46,32,9,1638,1635,2,1,3,manufacturing
R04068,E17,2025-04-13,27,29,6,,,10,0,1,
R04069,E17,2025-04-13,21,34,4,,1488,7,0,1,
R04070,E17,2025-04-13,33,27,8,778,664,3,1,4,manufacturing
R04071,E17,2025-04-13,36,39,9,,784,4,1,3,government
R04072,E17,2025-04-13,41,32,5,892,734,5,1,2,government
R04073,E17,2025-04-13,38,24,2,723,542,4,1,2,agriculture
R04074,E17,,33,33,3,,667,3,0,2,
R04075,E17,2025-04-13,,28,4,1751,1669,6,1,1,government
R04076,E17,2025-04-13,31,64,6,929,738,5,1,2,manufacturing
R04077,E17,2025-04-13,32,48,7,876,3291,9,1,3,retail
R04078,E17,2025-04-13,23,45,5,890,968,4,1,2,services
R04079,E17,2025-04-13,45,38,8,1093,921,1,1,2,services
R04080,E17,2025-04-13,31,20,5,,1656,5,0,3,
R04081,E17,2025-04-13,53,28,7,1327,1264,6,1,4,government
R04082,E17,2025-04-13,30,18,2,1248,831,7,1,4,services
R04083,E17,2025-04-13,,33,7,987,,4,1,1,services
R04084,E17,2025-04-13,41,72,5,851,805,4,1,4,services
R04085,E17,2025-04-13,26,32,2,812,646,3,1,4,agriculture
R04086,E17,2025-04-15,24,41,5,948,817,1,1,3,agriculture
R04087,E17,2025-04-15,31,26,4,1634,959,7,1,4,manufacturing
R04088,E17,2025-04-15,25,34,3,,,6,0,4,
R04089,E17,2025-04-15,48,18,7,,921,4,0,4,
R04090,E17,2025-04-15,27,53,2,,636,2,1,2,agriculture
R04091,E17,2025-04-15,25,42,6,1114,796,2,1,2,government
R04092,E17,2025-04-15,32,38,6,,,0,1,3,services
R04093,E17,2025-04-15,36,32,3,1533,1437,7,1,4,government
R04094,E17,2025-04-15,43,,8,,887,3,0,4,
R04095,E17,2025-04-15,45,52,7,702,,2,1,1,services
R04096,E17,2025-04-15,17,40,6,587,597,4,1,2,services
R04097,E17,2025-04-15,34,22,7,2106,1796,9,1,1,services
R04098,E17,2025-04-15,30,18,6,1640,1195,0,1,2,retail
R04099,E17,2025-04-16,70,35,6,,801,8,0,2,
R04100,E17,2025-04-16,43,42,6,,1156,4,0,1,
R04101,E17,2025-04-16,32,38,5,,1754,,0,3,
R04102,E17,2025-04-16,53,30,3,,487,6,1,1,agriculture
R04103,E17,2025-04-16,38,50,5,,1465,5,0,1,
R04104,E17,2025-04-16,50,34,8,,828,0,0,3,
R04105,E17,2025-04-16,47,33,8,,1580,6,0,1,
R04106,E17,2025-04-16,37,22,7,948,1094,4,1,2,services
R04107,E17,2025-04-16,39,45,11,642,703,3,1,2,retail
R04108,E17,2025-04-16,22,18,7,596,723,2,1,2,services
R04109,E17,2025-04-16,30,18,4,,1128,4,0,3,
R04110,E17,2025-04-16,32,21,7,1122,980,5,1,2,retail
R04111,E17,2025-04-16,47,18,11,,,6,0,1,
R04112,E17,2025-04-16,16,43,2,1384,1350,,1,1,retail
R04113,E17,2025-04-19,23,21,7,597,587,3,1,4,government
R04114,E17,2025-04-19,27,33,5,2835,2505,7,1,3,services
R04115,E17,2025-04-19,48,35,10,1605,1358,5,1,2,agriculture
R04116,E17,2025-04-19,54,28,8,859,850,6,1,1,government
R04117,E17,2025-04-19,42,53,5,714,887,5,1,2,services
R04118,E17,2025-04-19,28,37,3,,1293,4,0,1,
R04119,E17,2025-04-19,27,37,4,892,887,4,1,4,agriculture
R04120,E17,2025-04-19,41,31,6,3068,1477,4,1,2,agriculture
R04121,E17,2025-04-19,47,35,4,,605,3,0,4,
R04122,E17,2025-04-19,48,54,5,837,448,4,1,3,services
R04123,E17,2025-04-19,50,32,11,1027,1025,3,1,1,services
R04124,E17,2025-04-19,34,42,6,1224,673,7,1,2,agriculture
R04125,E17,2025-04-19,28,18,3,,1052,7,1,4,government
R04126,E17,2025-04-19,47,45,7,697,569,3,1,1,manufacturing
R04127,E17,2025-04-19,32,39,3,,1254,3,0,3,
R04128,E17,2025-04-19,28,,4,1054,686,,1,2,government
R04129,E17,2025-04-19,31,18,5,1751,892,5,1,4,government
R04130,E17,2025-04-19,34,59,11,,1341,3,0,1,
R04131,E17,2025-04-20,47,41,7,631,364,2,1,1,government
R04132,E17,2025-04-20,47,57,4,,2143,5,0,4,
R04133,E17,2025-04-20,35,28,10,1215,1113,6,1,1,services
R04134,E17,2025-04-20,24,52,7,1381,1222,4,1,1,agriculture
R04135,E17,2025-04-20,29,51,3,432,359,4,1,2,government
R04136,E17,2025-04-20,45,42,6,,1442,3,1,1,manufacturing
R04137,E17,2025-04-20,46,43,5,1173,1109,3,1,4,retail
R04138,E17,2025-04-20,50,45,5,,912,3,0,2,
R04139,E17,2025-04-20,42,21,7,798,696,5,1,4,services
R04140,E17,2025-04-20,43,32,4,1474,979,8,1,3,manufacturing
R04141,E17,2025-04-20,45,28,5,1402,1397,3,1,4,agriculture
R04142,E17,2025-04-20,,37,4,1237,610,2,1,2,retail
R04143,E17,2025-04-20,33,45,8,,,3,0,4,
R04144,E17,2025-04-20,36,33,5,1554,1009,4,1,2,services
R04145,E17,2025-04-20,43,57,2,,741,2,1,4,retail
R04146,E17,2025-04-20,34,56,9,2195,,6,1,1,agriculture
R04147,E17,2025-04-20,31,60,3,4230,4196,4,1,1,government
R04148,E17,2025-04-20,37,49,4,1135,773,3,1,1,manufacturing
R04149,E17,2025-04-20,39,18,7,564,689,5,1,1,manufacturing
R04150,E17,2025-04-20,58,42,8,643,618,5,1,1,agriculture
R04151,E17,2025-04-23,23,59,6,,1663,4,0,4,
R04152,E17,2025-04-23,27,21,7,1088,841,2,1,4,manufacturing
R04153,E17,2025-04-23,24,35,4,,477,5,0,4,
R04154,E17,2025-04-23,35,43,6,1950,1796,3,1,3,agriculture
R04155,E17,,36,45,6,1411,1241,0,1,3,services
R04156,E17,2025-04-23,35,33,5,1467,1609,5,1,3,retail
R04157,E17,2025-04-23,25,40,4,,,3,1,2,services
R04158,E17,2025-04-23,41,25,3,809,662,3,1,2,retail
R04159,E17,2025-04-23,34,43,5,,1024,6,0,3,
R04160,E17,2025-04-23,38,43,5,1630,1274,2,1,3,government
R04161,E17,2025-04-23,31,25,7,1277,1010,5,1,3,manufacturing
R04162,E17,2025-04-23,40,36,8,997,811,4,1,4,agriculture
R04163,E17,2025-04-23,44,40,2,2396,2099,4,1,2,manufacturing
R04164,E17,2025-04-23,32,44,4,2063,1696,7,1,1,services
R04165,E17,2025-04-23,22,33,4,,902,4,0,2,
R04166,E18,2025-04-03,2,42,7,1566,,5,1,4,services
R04167,E18,2025-04-03,29,45,4,1518,1184,3,1,4,retail
R04168,E18,2025-04-03,46,22,5,950,959,0,1,3,retail
R04169,E18,2025-04-03,49,35,7,,1223,2,0,3,
R04170,E18,2025-04-03,45,45,5,870,694,0,1,2,services
R04171,E18,2025-04-03,30,55,9,981,1010,4,1,4,retail
R04172,E18,2025-04-03,325,18,5,,1095,0,0,3,
R04173,E18,2025-04-03,46,22,5,1302,1125,2,1,4,services
R04174,E18,2025-04-03,39,73,6,1566,1055,2,1,2,agriculture
R04175,E18,2025-04-03,20,44,3,1164,841,4,1,1,manufacturing
R04176,E18,2025-04-03,23,41,3,1205,818,6,1,3,retail
R04177,E18,2025-04-03,8,13,5,1214,,1,1,4,services
R04178,E18,2025-04-03,43,49,4,2814,9759,,1,3,retail
R04179,E18,2025-04-03,34,37,6,944,,6,1,4,manufacturing
R04180,E18,2025-04-03,32,32,2,1013,898,4,1,2,manufacturing
R04181,E18,2025-04-03,32,30,1,1566,1289,4,1,2,manufacturing
R04182,E18,2025-04-03,50,52,2,1162,733,4,1,1,services
R04183,E18,2025-04-03,33,36,11,1551,1350,1,1,1,manufacturing
R04184,E18,2025-04-05,35,51,4,1436,1178,1,1,4,government
R04185,E18,2025-04-05,44,32,4,1472,,4,1,3,services
R04186,E18,2025-04-05,14,41,6,963,809,5,1,1,manufacturing
R04187,E18,2025-04-05,60,52,9,1124,1072,4,1,4,government
R04188,E18,,22,36,4,,1532,5,0,3,
R04189,E18,2025-04-05,19,58,3,1817,1468,2,1,3,retail
R04190,E18,2025-04-05,45,37,9,,1672,5,1,2,manufacturing
R04191,E18,2025-04-05,26,43,7,,1248,6,0,3,
R04192,E18,2025-04-05,39,55,8,,814,1,0,4,
R04193,E18,2025-04-05,30,38,3,,2011,,1,4,services
R04194,E18,2025-04-05,30,18,3,1661,1202,6,1,4,services
R04195,E18,2025-04-05,47,18,10,666,523,4,1,3,government
R04196,E18,2025-04-05,30,37,7,,1703,6,0,3,
R04197,E18,2025-04-05,46,33,5,,1396,5,0,2,
R04198,E18,2025-04-05,41,45,1,1059,12794,4,1,2,government
R04199,E18,2025-04-05,35,46,4,700,823,3,1,1,manufacturing
R04200,E18,2025-04-07,31,18,10,1633,,5,1,2,agriculture
R04201,E18,2025-04-07,40,46,6,1615,1405,5,1,3,agriculture
R04202,E18,2025-04-07,37,35,8,,956,5,0,3,
R04203,E18,2025-04-07,46,48,6,624,425,2,1,1,retail
R04204,E18,2025-04-07,46,18,10,1205,835,8,1,3,government
R04205,E18,2025-04-07,38,,5,817,716,0,1,3,services
R04206,E18,2025-04-07,31,23,4,1735,1043,0,1,1,government
R04207,E18,2025-04-07,30,44,2,,1779,4,0,4,
R04208,E18,2025-04-07,45,38,8,1421,963,,1,4,retail
R04209,E18,2025-04-07,53,29,1,,975,3,0,1,retail
R04210,E18,2025-04-07,38,53,1,1060,15027,4,1,2,manufacturing
R04211,E18,2025-04-07,48,37,7,,948,3,0,2,
R04212,E18,2025-04-08,31,47,8,1131,998,7,1,1,agriculture
R04213,E18,2025-04-08,57,33,11,2408,1520,5,1,1,services
R04214,E18,2025-04-08,37,51,8,1487,1009,2,1,3,manufacturing
R04215,E18,2025-04-08,44,46,10,21848,972,4,1,1,services
R04216,E18,2025-04-08,20,54,5,,576,1,0,3,
R04217,E18,2025-04-08,27,22,6,,1128,5,0,2,
R04218,E18,2025-04-08,35,46,2,,,1,0,3,
R04219,E18,2025-04-08,34,66,7,957,,3,1,4,government
R04220,E18,2025-04-08,36,47,7,,898,0,0,1,
R04221,E18,2025-04-08,36,52,3,1362,898,6,1,2,services
R04222,E18,2025-04-08,39,73,6,979,848,2,1,4,agriculture
R04223,E18,2025-04-08,35,48,2,673,417,4,1,2,retail
R04224,E18,2025-04-08,49,18,10,2313,2122,0,1,1,services
R04225,E18,2025-04-08,2,35,3,1585,1192,7,1,3,agriculture
R04226,E18,2025-04-08,29,46,4,,757,2,1,1,retail
R04227,E18,2025-04-11,31,49,4,,810,4,0,1,
R04228,E18,2025-04-11,28,33,4,2108,1249,5,1,1,manufacturing
R04229,E18,2025-04-11,35,20,5,,2427,6,0,2,
R04230,E18,2025-04-11,30,37,4,730,,4,1,1,manufacturing
R04231,E18,2025-04-11,35,43,9,,,4,0,2,
R04232,E18,2025-04-11,,50,5,1213,1046,3,1,4,agriculture
R04233,E18,2025-04-11,12,53,6,,381,0,0,2,
R04234,E18,2025-04-11,27,26,4,1119,894,5,1,2,manufacturing
R04235,E18,2025-04-11,35,68,4,2167,1678,3,1,4,services
R04236,E18,2025-04-11,31,42,5,2249,1447,4,1,2,retail
R04237,E18,2025-04-11,40,58,10,2145,1273,3,1,2,manufacturing
R04238,E18,2025-04-11,22,24,2,861,598,7,1,2,manufacturing
R04239,E18,2025-04-12,25,46,6,,1369,4,0,3,
R04240,E18,2025-04-12,21,57,7,1432,1352,5,1,3,agriculture
R04241,E18,2025-04-12,,54,6,594,712,5,1,3,services
R04242,E18,2025-04-12,33,60,4,,1144,5,0,4,
R04243,E18,2025-04-12,45,57,4,,1102,3,0,2,
R04244,E18,2025-04-12,34,28,3,1199,681,6,1,4,manufacturing
R04245,E18,2025-04-12,29,104,3,954,596,4,1,2,government
R04246,E18,2025-04-12,28,22,5,864,970,5,1,3,manufacturing
R04247,E18,2025-04-14,34,46,9,,,7,1,3,agriculture
R04248,E18,2025-04-14,41,29,2,1387,1092,5,1,2,services
R04249,E18,2025-04-14,24,42,7,1002,768,2,1,3,agriculture
R04250,E18,2025-04-14,53,39,9,,594,5,0,2,
R04251,E18,2025-04-14,26,35,5,717,867,5,1,4,retail
R04252,E18,2025-04-14,40,45,8,1916,1055,6,1,4,retail
R04253,E18,2025-04-14,39,39,5,,949,2,0,3,
R04254,E18,2025-04-14,41,48,4,,1113,7,0,3,
R04255,E18,2025-04-14,31,58,9,,1492,5,0,1,
R04256,E18,2025-04-14,44,40,9,604,604,5,1,4,services
R04257,E18,2025-04-14,46,39,4,1426,1195,5,1,1,manufacturing
R04258,E18,,,35,3,,805,3,0,3,
R04259,E18,2025-04-14,31,41,4,1529,1267,3,1,2,agriculture
R04260,E18,2025-04-16,22,32,6,1632,877,3,1,4,retail
R04261,E18,2025-04-16,24,50,4,1181,1227,5,1,4,government
R04262,E18,2025-04-16,37,27,6,2666,2257,6,1,2,services
R04263,E18,2025-04-16,37,32,4,,1003,,0,3,
R04264,E18,2025-04-16,29,42,3,1900,1995,6,1,4,services
R04265,E18,2025-04-16,35,41,2,1197,3504,5,1,2,retail
R04266,E18,2025-04-16,25,22,5,538,297,2,1,4,services
R04267,E18,2025-04-16,25,28,3,,802,1,0,4,
R04268,E18,2025-04-16,34,39,8,32848,637,,1,2,retail
R04269,E18,2025-04-16,48,52,3,1290,970,4,1,3,retail
R04270,E18,2025-04-16,35,59,7,,1184,2,0,2,
R04271,E18,2025-04-16,29,17,3,,817,3,0,2,
R04272,E18,2025-04-16,29,20,2,731,810,1,1,3,agriculture
R04273,E18,2025-04-21,43,43,10,,1337,6,0,3,
R04274,E18,2025-04-21,,36,3,,448,6,0,2,
R04275,E18,2025-04-21,40,35,4,,771,,0,4,
R04276,E18,2025-04-21,8,28,5,551,544,7,1,4,agriculture
R04277,E18,2025-04-21,32,23,4,1944,1719,7,1,2,manufacturing
R04278,E18,2025-04-21,32,49,6,1237,1461,7,1,1,manufacturing
R04279,E18,2025-04-21,43,73,1,894,14012,7,1,2,government
R04280,E18,2025-04-21,46,44,6,1099,900,4,1,2,manufacturing
R04281,E18,2025-04-21,32,42,5,729,905,6,1,3,agriculture
R04282,E18,2025-04-26,37,30,4,932,803,2,1,3,agriculture
R04283,E18,2025-04-26,33,58,2,,678,4,1,4,manufacturing
R04284,E18,2025-04-26,39,43,4,,1581,6,0,4,
R04285,E18,2025-04-26,38,54,6,,1098,6,0,2,
R04286,E18,2025-04-26,36,73,6,,2314,6,0,1,
R04287,E18,2025-04-26,46,22,4,1326,1310,4,1,3,manufacturing
R04288,E18,2025-04-26,19,49,6,840,898,3,1,3,services
R04289,E18,2025-04-26,50,55,5,,2699,5,0,4,
R04290,E18,2025-04-26,35,45,6,1552,836,3,1,1,services
R04291,E18,2025-04-26,49,18,24,1767,1433,7,1,1,manufacturing
R04292,E18,2025-04-26,34,,3,,823,7,0,2,
R04293,E18,2025-04-26,20,25,3,,1128,3,0,3,
R04294,E18,2025-04-26,27,43,5,1168,903,4,1,1,retail
R04295,E18,2025-04-26,51,51,8,1072,833,5,1,4,agriculture
R04296,E18,2025-04-26,31,30,4,1238,1053,6,1,2,government
R04297,E18,2025-04-27,38,66,3,1347,,2,1,2,services
R04298,E18,2025-04-27,36,46,8,1206,1226,3,1,3,government
R04299,E18,2025-04-27,45,37,5,1346,1533,2,1,4,manufacturing
R04300,E18,2025-04-27,34,40,5,1018,865,7,1,4,government
R04301,E18,2025-04-27,27,37,6,1166,20112,2,1,4,manufacturing
R04302,E18,2025-04-27,31,40,2,1182,843,2,1,1,government
R04303,E18,2025-04-27,44,37,10,,4852,0,0,3,
R04304,E18,2025-04-27,39,41,10,,1211,3,1,1,government
R04305,E18,2025-04-27,35,54,3,,1376,3,0,1,
,E18,2025-04-27,19,,4,963,708,,1,2,retail
R04307,E18,2025-04-27,36,29,5,1569,1546,6,1,4,agriculture
R04308,E18,2025-04-27,35,52,8,947,1136,0,1,4,government
R04309,E18,2025-04-28,29,37,6,,1126,5,0,3,
R04310,E18,2025-04-28,41,43,7,2954,2511,4,1,1,retail
R04311,E18,2025-04-28,10,36,5,,,2,0,4,
R04312,E18,2025-04-28,27,72,2,1622,1398,5,1,4,services
R04313,E18,2025-04-28,45,29,6,,1321,9,0,3,
R04314,E18,2025-04-28,31,33,3,809,564,4,1,2,government
R04315,E18,2025-04-28,33,18,4,2319,2836,4,1,4,agriculture
R04316,E18,2025-04-28,31,37,4,,979,4,1,3,retail
R04317,E18,2025-04-28,33,43,5,2176,1722,7,1,4,government
R04318,E18,2025-04-28,17,47,4,2106,6084,1,1,3,agriculture
R04319,E18,2025-04-28,37,46,6,709,,3,1,4,government
R04320,E18,2025-04-28,55,18,4,644,377,,1,3,services
R04321,E18,2025-04-28,32,18,5,668,559,4,1,3,agriculture
R04322,E18,2025-04-28,19,37,3,2037,1362,3,1,2,services
R04323,E18,2025-04-28,34,49,10,1531,1404,2,1,1,government
R04324,E18,2025-04-28,32,25,5,,469,3,1,1,retail
R04325,E18,2025-04-28,,30,6,510,472,0,1,1,retail
R04787,E19,2025-04-01,45,46,5,,,4,0,2,
R03486,E19,2025-04-01,,40,8,,888,,1,1,manufacturing
R00534,E19,2025-04-01,23,46,9,,,,0,4,
R03655,E19,2025-04-01,39,39,9,,,,1,3,services
R00160,E19,2025-04-01,46,29,3,,,,0,2,
R04924,E19,,40,36,5,,884,7,0,4,
R02596,E19,2025-04-01,34,33,9,,,,1,3,services
R02107,E19,2025-04-01,50,18,4,,,5,1,1,government
R03246,E19,2025-04-01,352,70,9,,,5,1,1,services
R02757,E19,2025-04-01,28,44,8,,,3,0,3,
R00207,E19,2025-04-01,29,61,9,,,0,1,1,manufacturing
R04273,E19,2025-04-01,,,7,,,6,0,3,
R00365,E19,2025-04-01,38,50,3,,,,0,1,
R01248,E19,2025-04-01,273,46,4,,,5,0,4,
R04185,E19,2025-04-01,39,52,3,,,,0,2,
R03460,E19,2025-04-01,10,48,9,,,7,1,3,retail
R00833,E19,2025-04-01,48,50,5,,,,1,2,agriculture
R03326,E19,2025-04-01,30,,4,,,8,1,4,manufacturing
R04266,E19,2025-04-01,19,18,7,,,5,0,4,
R02061,E19,2025-04-01,,48,8,,,,1,2,services
R03376,E19,2025-04-01,325,20,11,,1372,,1,1,retail
R01391,E19,2025-04-01,39,38,1,,,,1,2,services
R04083,E19,2025-04-01,31,,8,,,4,1,4,manufacturing
R01717,E19,2025-04-01,,65,2,,,,1,4,manufacturing
R00414,E19,2025-04-01,41,37,5,,,,1,4,retail
R04351,E19,2025-04-01,,56,4,,,4,0,3,
R04352,E19,2025-04-01,26,18,5,,,,1,2,agriculture
R04353,E19,2025-04-01,31,27,5,,,2,0,2,
R04354,E19,2025-04-01,29,45,4,,,8,1,3,retail
R04355,E19,,41,65,5,,,5,0,4,
R04356,E19,,29,38,4,2993,,5,1,3,retail
R04357,E19,2025-04-01,,59,3,,,,1,1,services
R04358,E19,2025-04-01,237,40,7,,,4,1,3,government
R04359,E19,2025-04-01,40,56,6,,,,1,4,manufacturing
,E19,2025-04-01,,31,7,,726,,1,2,government
R04361,E19,,,68,11,,,,1,1,retail
R04362,E19,2025-04-01,234,57,4,,,,0,4,
R04363,E19,2025-04-01,,32,11,,,10,1,3,agriculture
R04364,E19,2025-04-01,49,35,10,,,,1,3,services
R04365,E19,2025-04-01,,18,11,,1128,0,1,3,government
R04366,E19,2025-04-01,43,23,5,,,,1,1,manufacturing
R04367,E19,2025-04-01,,38,5,1015,,,1,2,retail
R04368,E19,2025-04-01,-5,18,2,,,2,1,4,government
R04369,E19,2025-04-01,20,55,4,,,5,0,1,
R04370,E19,2025-04-01,26,43,9,,1614,,0,3,services
R04371,E19,2025-04-01,25,20,4,,,5,1,4,manufacturing
R04372,E19,2025-04-01,15,36,4,,,4,1,2,government
R04373,E19,2025-04-01,32,70,7,750,,,1,1,agriculture
R04374,E19,2025-04-01,39,39,10,,1359,3,1,2,agriculture
R04375,E19,2025-04-01,20,41,5,1169,,2,1,2,manufacturing
R04376,E19,2025-04-01,45,42,4,,,,0,4,
R04377,E19,,19,26,1,,1104,56,1,3,manufacturing
R04378,E19,2025-04-01,42,,3,,841,,1,3,services
R04379,E19,2025-04-01,46,46,6,,,2,0,1,
R04380,E19,2025-04-01,34,32,9,,,5,1,3,retail
R04381,E19,2025-04-01,36,66,4,,1783,3,1,4,manufacturing
R04382,E19,2025-04-01,35,29,3,,,7,0,4,
R04383,E19,2025-04-01,33,,4,,,,0,3,
R04384,E19,2025-04-01,43,25,9,2965,,7,0,4,
R04385,E19,2025-04-01,4,18,7,,,5,1,2,government
R04386,E19,2025-04-01,45,18,3,,,6,1,3,government
R04387,E19,,34,49,7,,,4,1,1,government
,E19,2025-04-01,63,38,8,,,5,1,4,government
R04389,E19,,29,37,6,,507,4,1,1,retail
,E19,2025-04-01,26,35,1,,,0,1,1,retail
R04391,E19,2025-04-01,31,,5,682,,6,1,4,agriculture
,E19,,55,63,1,,13500,4,1,2,manufacturing
R04393,E19,2025-04-02,22,31,7,,,4,1,4,agriculture
R04394,E19,2025-04-02,33,,3,,,4,0,1,
R04395,E19,2025-04-02,39,29,9,,897,,0,4,
R04396,E19,2025-04-02,,53,10,,,,1,2,manufacturing
R04397,E19,,46,39,8,,1359,1,1,2,manufacturing
R04398,E19,2025-04-02,,,4,,,1,1,2,services
R04399,E19,2025-04-02,,63,8,,,,1,1,agriculture
,E19,2025-04-02,40,38,6,,1353,4,1,4,government
R04401,E19,2025-04-02,31,59,9,,,4,1,4,manufacturing
R04402,E19,2025-04-02,42,55,6,,,,0,4,
R04403,E19,2025-04-02,48,18,9,,1160,4,1,1,retail
R04404,E19,2025-04-02,34,19,9,,,,0,2,
R04405,E19,2025-04-02,46,,3,,1169,,1,1,agriculture
R04406,E19,2025-04-02,41,28,7,,,8,0,4,
R04407,E19,2025-04-02,33,33,8,,,4,0,4,
R04408,E19,2025-04-02,,46,5,,,2,0,1,
R04409,E19,2025-04-02,46,18,4,,,,0,3,
R04410,E19,2025-04-02,34,33,9,,,0,0,1,
R04411,E19,2025-04-02,40,36,3,,,1,0,1,
R04412,E19,2025-04-02,34,45,8,2302,,5,1,1,services
R04413,E19,2025-04-02,2,45,4,,,0,0,1,
R04414,E19,2025-04-02,34,41,2,,,3,1,4,government
R04415,E19,2025-04-02,37,28,6,,,7,0,1,
R04416,E19,2025-04-02,42,,4,1749,,5,1,3,retail
R04417,E19,2025-04-02,,53,3,,,,0,1,
R04418,E19,2025-04-02,31,42,7,,,1,0,3,
R04419,E19,,31,,2,,,5,1,3,manufacturing
R04420,E19,2025-04-02,39,18,16,,,,0,4,
R04421,E19,2025-04-02,45,28,5,1463,,0,1,1,services
R04422,E19,2025-04-02,42,27,8,,,7,1,1,government
R04423,E19,,32,39,4,,1932,6,0,4,
R04424,E19,2025-04-02,48,26,7,,,5,0,3,
R04425,E19,2025-04-02,33,42,8,917,551,,1,4,services
R04426,E19,2025-04-02,39,42,8,,,4,0,3,
R04427,E19,2025-04-02,35,,9,,,,1,1,manufacturing
R04428,E19,2025-04-02,37,35,4,,,3,1,3,agriculture
R04429,E19,2025-04-02,,37,7,,,,1,3,retail
R04430,E19,2025-04-02,36,41,3,,,5,1,3,services
R04431,E19,2025-04-02,31,49,3,,,,0,2,
R04432,E19,2025-04-02,,50,3,,958,,1,3,government
R04433,E19,2025-04-02,,31,7,,1716,,0,3,
R04434,E19,2025-04-02,37,22,6,,,2,1,2,manufacturing
R04435,E19,2025-04-02,0,22,7,1047,,,1,4,services
R04436,E19,2025-04-02,39,39,6,,1222,6,1,1,manufacturing
R04437,E19,2025-04-02,52,50,7,,,5,1,2,retail
R04438,E19,2025-04-02,,56,6,,15007,,1,3,retail
R04439,E19,2025-04-02,,24,3,,,2,0,4,
,E19,2025-04-02,,32,6,,,,1,2,services
R04441,E19,2025-04-02,32,56,6,1282,,,1,3,retail
R04442,E19,2025-04-02,44,27,9,,,,1,4,manufacturing
R04443,E19,2025-04-02,,39,6,,,,0,4,
R04444,E19,2025-04-02,2,59,5,1328,,3,1,4,agriculture
R04445,E19,2025-04-02,40,33,9,,,,1,1,services
R04446,E19,2025-04-02,23,68,6,989,,,1,2,manufacturing
R04447,E19,2025-04-02,41,39,8,,,4,1,1,manufacturing
R04448,E19,,15,53,4,,,,1,4,retail
R04449,E19,2025-04-02,39,30,6,,,2,0,1,
R04450,E19,2025-04-02,58,,3,,777,,0,2,
R04451,E19,2025-04-02,34,32,4,,,,0,3,
R04452,E19,2025-04-02,42,40,4,,,5,1,4,agriculture
R04453,E19,2025-04-02,33,,7,,,,0,1,
R04454,E19,2025-04-03,40,42,11,,,4,1,1,agriculture
R04455,E19,2025-04-03,,52,7,759,,,1,2,manufacturing
R04456,E19,2025-04-03,36,37,7,,,,1,2,manufacturing
R04457,E19,2025-04-03,25,51,3,,730,,1,4,manufacturing
R04458,E19,2025-04-03,37,23,3,,,,1,3,retail
R04459,E19,2025-04-03,53,55,7,1688,,2,1,2,agriculture
R04460,E19,2025-04-03,32,,6,,,4,0,2,
R04461,E19,2025-04-03,40,43,6,,,,1,1,manufacturing
R04462,E19,2025-04-03,27,,4,,,4,1,4,government
R04463,E19,2025-04-03,54,,6,,,5,1,1,services
R04464,E19,2025-04-03,27,21,9,,,,0,1,
R04465,E19,2025-04-03,,30,4,1138,,0,1,1,government
R04466,E19,2025-04-03,,42,9,1324,,,1,2,agriculture
R04467,E19,2025-04-03,15,63,4,,22768,,1,2,retail
R04468,E19,2025-04-03,20,,4,,,4,1,1,retail
R04469,E19,2025-04-03,,55,6,,,4,1,1,government
R04470,E19,2025-04-03,26,40,6,,,2,0,2,
R04471,E19,2025-04-03,,46,5,,,,1,4,agriculture
R04472,E19,2025-04-03,27,77,6,,,,1,4,retail
R04473,E19,2025-04-03,,60,4,,,,1,2,services
,E19,2025-04-03,35,29,6,,,,1,3,services
R04475,E19,2025-04-03,32,31,7,,,0,1,2,services
R04476,E19,2025-04-03,36,67,4,1864,964,5,1,3,government
R04477,E19,2025-04-03,49,43,8,,,5,1,2,government
R04478,E19,2025-04-03,37,,7,,,,1,4,government
R04479,E19,2025-04-03,41,20,9,,1403,2,1,1,government
R04480,E19,2025-04-03,39,18,5,,,5,1,1,government
R04481,E19,2025-04-03,34,36,7,,,6,1,2,manufacturing
R04482,E19,2025-04-03,29,,9,,,1,0,2,
R04483,E19,2025-04-03,33,18,6,651,609,,1,3,services
R04484,E19,,33,50,9,,,5,0,4,
R04485,E19,2025-04-03,33,44,4,498,,1,1,3,retail
R04486,E19,2025-04-03,19,45,7,,,5,1,2,services
R04487,E19,2025-04-03,30,55,4,,,4,1,4,manufacturing
R04488,E19,2025-04-03,34,31,11,,,5,0,2,
,E19,2025-04-03,15,37,8,,,,1,4,retail
R04490,E19,2025-04-03,,27,11,,,,0,3,
,E19,2025-04-03,,44,7,,,3,1,3,government
R04492,E19,2025-04-03,,56,6,,,7,0,3,
R04493,E19,2025-04-03,35,47,4,1603,1525,2,1,3,services
R04494,E19,2025-04-03,45,28,9,,1732,4,0,3,
R04495,E19,2025-04-03,37,14,3,,,3,1,4,retail
R04496,E19,2025-04-03,48,18,7,,,,1,4,agriculture
,E19,2025-04-03,24,43,8,,,,0,4,
R04498,E19,2025-04-03,44,21,7,,729,4,1,4,services
R04499,E19,2025-04-03,43,44,4,,1528,3,1,2,government
R04500,E19,2025-04-03,,,8,,,5,0,1,
R04501,E19,2025-04-03,26,25,3,,,4,0,2,
R04502,E19,2025-04-03,44,50,4,784,,4,1,3,services
R04503,E19,2025-04-03,28,40,3,,,4,0,1,
R04504,E19,2025-04-03,33,34,10,,,3,1,4,services
R04505,E19,2025-04-03,,,9,,636,,1,2,manufacturing
R04506,E19,2025-04-03,27,51,8,,913,,1,4,services
R04507,E19,2025-04-03,45,18,9,,,3,1,2,manufacturing
R04508,E19,2025-04-03,1,52,5,,,2,1,4,retail
R04509,E19,2025-04-03,42,51,10,993,,,1,1,government
R04510,E19,2025-04-03,269,41,9,990,1022,,1,4,manufacturing
R04511,E19,2025-04-03,38,44,7,,,,1,4,agriculture
R04512,E19,2025-04-04,47,28,7,,,,1,3,services
R04513,E19,2025-04-04,,39,9,,,5,1,4,services
R04514,E19,2025-04-04,32,58,6,,1383,1,1,2,agriculture
R04515,E19,2025-04-04,37,31,11,1291,1387,,1,4,manufacturing
R04516,E19,2025-04-04,31,,5,,,,0,3,
R04517,E19,2025-04-04,,27,9,,,,1,1,government
R04518,E19,2025-04-04,-3,33,6,,,4,1,3,retail
R04519,E19,2025-04-04,303,,8,,1171,,1,3,agriculture
R04520,E19,,48,29,6,,,,1,1,services
R04521,E19,2025-04-04,40,39,3,,,6,0,3,
R04522,E19,2025-04-04,40,32,11,,,,0,4,
R04523,E19,2025-04-04,315,42,6,,,,0,2,
R04524,E19,2025-04-04,47,33,4,,,3,1,4,manufacturing
R04525,E19,2025-04-04,47,68,8,1227,,6,1,3,manufacturing
R04526,E19,2025-04-04,35,54,6,1651,,,1,3,services
R04527,E19,2025-04-04,34,25,7,,,4,1,1,manufacturing
R04528,E19,2025-04-04,15,45,7,,34651,,1,4,government
R04529,E19,2025-04-04,33,25,4,1397,1213,4,1,4,agriculture
R04530,E19,2025-04-04,47,18,6,,,7,0,1,
R04531,E19,2025-04-04,40,37,4,,,2,0,3,
R04532,E19,2025-04-04,26,30,6,,,4,1,4,agriculture
R04533,E19,2025-04-04,38,18,4,,,9,0,3,
R04534,E19,2025-04-04,29,41,5,,,,0,4,
R04535,E19,2025-04-04,44,32,2,,393,,1,3,agriculture
R04536,E19,2025-04-04,29,47,9,,,,0,1,
R04537,E19,2025-04-04,31,36,4,,,,0,1,
R04538,E19,2025-04-04,,,8,838,1016,5,1,1,retail
R04539,E19,2025-04-04,10,55,6,,,,0,2,
R04540,E19,2025-04-04,,52,4,,,,0,4,
R04541,E19,2025-04-04,,41,10,,,,0,4,
R04542,E19,2025-04-04,27,,4,,,0,1,2,services
R04543,E19,2025-04-04,45,18,5,,,7,1,3,government
R04544,E19,,,,4,,1712,,1,4,agriculture
R04545,E19,2025-04-04,32,49,9,,,2,1,3,agriculture
R04546,E19,2025-04-04,,,3,1119,,,1,4,agriculture
R04547,E19,,,38,3,,,4,1,3,government
R04548,E19,2025-04-04,,31,7,,,4,1,2,retail
R04549,E19,2025-04-04,,41,6,,,3,1,3,retail
R04550,E19,2025-04-04,,37,5,,,7,1,2,retail
R04551,E19,2025-04-04,29,29,8,,,6,0,2,
R04552,E19,2025-04-04,,,3,,,,1,2,manufacturing
R04553,E19,2025-04-04,43,28,6,,1086,4,1,1,agriculture
R04554,E19,2025-04-04,32,33,8,913,,7,1,1,manufacturing
R04555,E19,2025-04-04,40,55,5,,806,2,1,1,services
R04556,E19,2025-04-04,2,29,5,,2883,7,0,2,
R04557,E19,2025-04-04,37,18,4,,,,1,2,services
R04558,E19,2025-04-04,,34,8,,,3,1,3,manufacturing
R04559,E19,2025-04-04,36,18,5,,,4,0,2,
R04560,E19,2025-04-04,38,31,7,,,,0,1,
R04561,E19,2025-04-04,46,47,8,,2027,,1,4,agriculture
R04562,E19,2025-04-04,24,38,10,,,4,0,4,
R04563,E19,2025-04-04,,45,5,,,9,1,2,government
R04564,E19,2025-04-04,29,43,5,,,,1,4,government
R04565,E19,2025-04-04,36,,4,,1234,3,1,4,retail
R04566,E19,2025-04-04,-5,38,7,,,7,0,1,
R04567,E19,2025-04-04,46,22,8,,,,0,1,
,E19,2025-04-05,13,51,4,724,,0,1,2,agriculture
R04569,E19,2025-04-05,38,51,4,,,3,0,3,
,E19,2025-04-05,306,27,6,,,,0,3,
R04571,E19,2025-04-05,,39,2,,,2,1,2,agriculture
R04572,E19,2025-04-05,48,45,5,,707,,0,3,
R04573,E19,2025-04-05,,,11,,,3,1,1,government
,E19,2025-04-05,,50,5,,,6,1,4,government
R04575,E19,2025-04-05,,38,3,,,,1,1,services
R04576,E19,2025-04-05,30,41,2,,,4,1,3,agriculture
R04577,E19,2025-04-05,50,44,5,,,5,1,3,manufacturing
R04578,E19,2025-04-05,33,40,9,,,3,0,1,
R04579,E19,2025-04-05,38,54,5,,,,1,4,government
R04580,E19,2025-04-05,40,43,5,,,7,1,3,services
R04581,E19,2025-04-05,47,26,7,,,,1,2,manufacturing
R04582,E19,2025-04-05,36,46,5,,,2,1,2,retail
R04583,E19,2025-04-05,226,57,7,,,5,1,4,agriculture
R04584,E19,2025-04-05,43,26,7,1040,,,1,2,services
R04585,E19,2025-04-05,10,,2,,,0,1,4,manufacturing
R04586,E19,2025-04-05,33,29,6,,,,1,2,retail
R04587,E19,2025-04-05,30,23,4,,,4,0,2,
R04588,E19,2025-04-05,,14,10,,,,1,1,manufacturing
R04589,E19,,,38,4,,,3,1,2,services
R04590,E19,2025-04-05,1,23,11,,,3,1,3,services
R04591,E19,2025-04-05,,37,9,,,,1,1,agriculture
R04592,E19,2025-04-05,31,23,7,1273,,5,1,4,agriculture
R04593,E19,2025-04-05,27,,8,,1467,,0,2,
R04594,E19,2025-04-05,33,24,5,,,,0,1,
R04595,E19,2025-04-05,43,58,7,,,,1,2,manufacturing
R04596,E19,2025-04-05,5,38,2,,,5,1,3,manufacturing
R04597,E19,2025-04-05,,18,6,,,,1,1,agriculture
R04598,E19,2025-04-05,28,50,8,,,,0,4,
R04599,E19,,32,20,2,,865,,0,4,
R04600,E19,2025-04-05,29,28,6,,,6,1,1,services
R04601,E19,2025-04-05,49,25,2,1948,,2,1,3,manufacturing
R04602,E19,2025-04-05,42,48,4,,,3,1,3,retail
R04603,E19,2025-04-05,,37,5,,,4,1,1,government
R04604,E19,2025-04-05,47,50,4,,759,3,1,2,manufacturing
R04605,E19,2025-04-05,41,32,6,,,,1,2,manufacturing
R04606,E19,2025-04-05,36,,10,,,6,1,1,agriculture
R04607,E19,2025-04-05,10,18,3,,,3,0,3,
R04608,E19,2025-04-05,13,35,5,,,,0,1,
R04609,E19,,44,26,4,,,,1,3,manufacturing
R04610,E19,2025-04-05,41,34,7,,,2,0,3,
R04611,E19,2025-04-05,30,18,9,,,,1,4,retail
R04612,E19,2025-04-05,20,63,4,,,5,1,3,manufacturing
R04613,E19,2025-04-05,24,43,3,,,5,1,3,manufacturing
R04614,E19,2025-04-05,39,39,9,,,5,1,1,government
,E19,2025-04-05,33,58,2,,,2,1,2,manufacturing
R04616,E19,2025-04-05,,18,2,,1649,,1,1,manufacturing
R04617,E19,,41,18,9,,2419,,1,3,agriculture
R04618,E19,2025-04-05,,,8,,,4,1,4,services
R04619,E19,2025-04-05,,34,5,,,,1,4,government
R04620,E19,2025-04-05,15,39,7,,,6,0,4,
R04621,E19,2025-04-05,0,23,2,,,,1,4,agriculture
R04622,E19,2025-04-05,30,57,4,,,,0,3,
R04623,E19,2025-04-05,17,60,4,,,,1,2,services
R04624,E19,2025-04-05,1,32,2,,,,1,4,retail
R04625,E19,2025-04-05,29,49,4,,,,1,1,services
R04626,E19,2025-04-05,26,18,5,,875,,0,3,
R04627,E19,2025-04-05,28,53,5,,,4,1,3,government
R04628,E19,2025-04-05,43,60,2,,414,1,1,2,agriculture
,E19,2025-04-05,,27,5,,,,1,4,agriculture
R04630,E19,2025-04-05,41,45,7,,,,1,3,manufacturing
R04631,E19,2025-04-05,40,25,4,,1242,,0,3,
R04632,E19,2025-04-05,42,,5,,,1,1,1,retail
R04633,E19,2025-04-05,45,,10,1005,,4,1,2,manufacturing
R04634,E19,2025-04-05,,47,9,1639,1114,2,0,2,
R04635,E19,2025-04-05,,21,6,,765,5,0,2,
R04636,E19,2025-04-05,34,45,3,,,,0,3,
R04637,E19,2025-04-05,54,50,6,,857,3,1,2,retail
R04638,E19,2025-04-06,30,,3,,,,0,1,
R04639,E19,2025-04-06,11,29,2,,1170,2,0,3,
R04640,E19,2025-04-06,34,39,3,899,,1,1,2,services
R04641,E19,2025-04-06,25,,1,,,2,1,2,retail
R04642,E19,2025-04-06,37,32,3,,,,1,2,retail
R04643,E19,2025-04-06,43,65,11,,,,0,4,
R04644,E19,2025-04-06,47,18,3,,1226,,0,3,
R04645,E19,2025-04-07,42,53,5,,,,1,4,services
R04646,E19,2025-04-07,17,40,4,936,,,1,4,government
R04647,E19,2025-04-07,26,,6,,,5,1,2,services
R04648,E19,,33,35,5,987,,,1,3,retail
R04649,E19,2025-04-07,25,33,4,13484,1688,0,1,2,retail
R04650,E19,2025-04-07,43,49,5,,819,4,1,1,agriculture
R04651,E19,2025-04-07,31,40,6,,,,0,2,
R04652,E19,2025-04-07,36,,5,,1158,0,1,2,manufacturing
R04653,E19,2025-04-08,10,42,6,,981,,1,2,government
R04654,E19,2025-04-08,,36,4,1772,1204,,1,2,manufacturing
R04655,E19,2025-04-08,29,18,6,,1579,5,0,1,
R04656,E19,2025-04-08,,37,7,1425,1367,4,1,3,manufacturing
R04657,E19,2025-04-08,34,43,6,,570,,0,1,
,E19,2025-04-08,35,36,7,,782,4,0,2,
R04659,E19,2025-04-08,,35,4,,947,,1,2,services
R04660,E19,2025-04-08,,41,4,,,,0,1,
R04661,E19,2025-04-08,0,36,6,,,,1,3,retail
R04662,E19,2025-04-08,40,63,8,,,6,1,4,manufacturing
R04663,E19,2025-04-09,,44,5,,,,1,3,agriculture
R04664,E19,2025-04-09,35,34,4,,,3,1,4,manufacturing
R04665,E19,2025-04-09,55,41,5,,,4,1,3,services
R04666,E19,2025-04-09,37,66,7,,,4,0,1,
R04667,E19,2025-04-09,,34,4,,,0,1,3,agriculture
,E19,,37,36,5,,,,1,4,retail
R04669,E19,2025-04-09,40,24,8,,1011,6,1,4,services
R04670,E19,2025-04-09,1,61,11,517,,3,1,1,agriculture
R04671,E19,2025-04-09,30,48,4,,740,5,0,3,
R04672,E19,,42,60,4,,,5,1,4,government
R04673,E19,2025-04-10,26,40,6,,,5,1,1,services
R04674,E19,2025-04-10,46,30,5,,1286,5,0,3,
R04675,E19,2025-04-10,5,36,8,,,4,0,3,
R04676,E19,2025-04-11,25,18,3,,,0,1,3,services
R04677,E19,,16,39,6,,,7,1,1,government
R04678,E19,2025-04-11,44,24,4,,,,1,4,manufacturing
R04679,E19,2025-04-11,40,30,10,,,,1,3,agriculture
R04680,E19,2025-04-11,5,34,4,,,5,0,4,
R04681,E19,2025-04-12,,42,8,,,0,1,4,retail
R04682,E19,2025-04-12,43,48,5,,,9,1,4,agriculture
R04683,E19,2025-04-12,21,,2,,,5,1,1,retail
R04684,E19,2025-04-12,46,38,5,,,4,1,2,services
R04685,E19,,38,,8,,,,1,4,government
R04686,E19,2025-04-12,,37,4,,,4,0,1,
R04687,E19,2025-04-12,46,,9,1038,,,1,4,government
R04688,E19,2025-04-13,33,59,7,,,,1,1,government
R04689,E19,2025-04-13,,33,4,,,3,0,4,
R04690,E19,2025-04-13,37,47,5,,,,1,1,manufacturing
R04691,E19,2025-04-13,19,52,7,998,,,1,1,services
R04692,E19,2025-04-13,28,56,5,,,,1,4,agriculture
R04693,E19,2025-04-13,31,50,4,,609,7,0,3,
R04694,E19,2025-04-13,,31,4,1413,,,1,3,services
R04695,E19,2025-04-14,27,18,5,,1265,,0,2,
R04696,E19,2025-04-14,48,18,6,,,,1,1,services
R04697,E19,2025-04-14,48,34,6,,,5,1,3,manufacturing
R04698,E19,2025-04-14,40,27,8,,,3,1,3,government
R04699,E19,2025-04-14,43,28,9,,,,0,2,
R04700,E19,2025-04-15,16,45,4,,,,0,1,
R04701,E19,2025-04-15,26,29,3,1286,,1,1,2,services
R04702,E19,2025-04-15,41,37,11,,,8,0,1,
R04703,E19,2025-04-15,31,32,6,,,,0,1,
R04704,E19,2025-04-15,60,,3,,831,,1,3,retail
R04705,E19,2025-04-15,28,18,8,2171,,,1,2,government
R04706,E19,2025-04-15,,19,7,,,,1,4,services
R04707,E19,2025-04-15,,42,1,,13721,,1,4,services
R04708,E19,2025-04-15,,49,6,,1339,,0,2,
R04709,E19,2025-04-15,34,18,11,,,,1,1,manufacturing
R04710,E19,2025-04-16,37,,7,,,7,1,3,retail
R04711,E19,2025-04-16,,28,7,,,,1,4,retail
R04712,E19,2025-04-16,,38,3,403,,1,1,2,agriculture
R04713,E19,2025-04-16,48,63,7,,,9,1,4,services
R04714,E19,2025-04-16,37,55,8,,1172,3,1,3,retail
R04715,E19,2025-04-16,41,46,6,,1646,9,1,2,government
R04716,E19,2025-04-17,18,24,6,,,5,1,3,retail
R04717,E19,2025-04-17,43,28,10,,,5,1,1,services
R04718,E19,2025-04-17,40,62,8,,,,0,4,
R04719,E19,2025-04-17,36,29,10,,,2,0,2,
R04720,E19,,,40,4,,,,1,3,agriculture
R04721,E19,2025-04-17,23,,8,,,8,1,2,manufacturing
R04722,E19,2025-04-17,23,57,5,,,1,0,4,
R04723,E19,2025-04-17,18,27,4,,,5,1,2,manufacturing
R04724,E19,2025-04-17,0,,3,,1704,3,1,2,agriculture
R04725,E19,2025-04-18,32,18,5,,,,0,4,
R04726,E19,2025-04-18,3,53,8,,,5,0,4,
R04727,E19,2025-04-18,28,31,5,,,,1,2,government
R04728,E19,2025-04-18,41,28,4,,,4,1,4,retail
R04729,E19,2025-04-18,36,,8,,,4,0,4,
R04730,E19,2025-04-18,22,42,7,,,,0,3,
R04731,E19,2025-04-18,,41,10,,,6,0,3,
R04732,E19,2025-04-18,,48,5,,694,3,1,3,manufacturing
R04733,E19,2025-04-18,,28,8,,1374,,1,3,agriculture
,E19,2025-04-19,23,,6,,1217,3,0,2,
R04735,E19,2025-04-19,34,23,4,,,0,1,2,retail
R04736,E19,2025-04-19,35,34,7,,,4,1,1,retail
R04737,E19,2025-04-19,52,47,10,,,,0,3,
R04738,E19,2025-04-19,35,29,8,,,,1,2,services
R04739,E19,2025-04-19,,47,5,,,,0,2,
R04740,E19,2025-04-20,51,27,6,,,5,1,1,government
R04741,E19,2025-04-20,35,20,6,,,3,1,4,retail
R04742,E19,2025-04-20,33,22,4,,,5,1,2,agriculture
R04743,E19,,,39,6,,,4,1,1,services
R04744,E19,2025-04-20,29,37,4,,961,,1,2,agriculture
R04745,E19,2025-04-20,2,62,10,,,3,1,1,services
R04746,E19,2025-04-20,44,,6,,,,1,1,retail
R04747,E19,2025-04-20,24,60,6,,,0,1,2,government
R04748,E19,2025-04-20,10,38,6,,,3,1,4,services
R04749,E19,2025-04-20,25,18,10,1549,,3,1,3,services
R04750,E19,2025-04-20,28,,8,,,8,1,4,manufacturing
R04751,E19,2025-04-21,39,44,4,,,1,0,3,
R04752,E19,2025-04-21,10,24,4,,,3,0,1,
R04753,E19,2025-04-21,31,,8,,,3,0,3,
R04754,E19,2025-04-21,59,39,7,,,2,1,1,retail
R04755,E19,2025-04-21,39,26,6,1851,1798,,1,4,manufacturing
R04756,E19,2025-04-22,46,43,6,,,7,0,2,
R04757,E19,2025-04-22,,26,6,,,5,0,2,
R04758,E19,2025-04-22,19,71,3,,,4,0,1,
R04759,E19,2025-04-22,3,61,7,1948,1644,,1,4,agriculture
R04760,E19,2025-04-22,46,63,5,,,6,1,1,government
R04761,E19,2025-04-22,18,50,3,,,,1,4,government
R04762,E19,2025-04-22,20,44,3,,,,1,4,manufacturing
R04763,E19,2025-04-22,38,24,1,,,,0,2,
R04764,E19,2025-04-22,,24,11,,395,,1,3,manufacturing
R04765,E19,2025-04-22,,36,5,,,,0,3,
R04766,E19,2025-04-23,34,26,10,,,,1,2,services
R04767,E19,2025-04-23,54,41,8,,,,1,2,services
R04768,E19,2025-04-23,30,45,6,,,5,0,1,
R04769,E19,2025-04-23,46,53,6,1467,834,,1,1,retail
R04770,E19,2025-04-24,23,29,3,,,,1,1,retail
R04771,E19,2025-04-24,,52,10,,1537,4,1,3,agriculture
R04772,E19,2025-04-24,,45,8,,,,1,1,agriculture
R04773,E19,2025-04-24,28,38,7,,,,1,3,agriculture
R04774,E19,2025-04-24,39,49,4,,,1,0,3,
,E19,2025-04-24,33,40,5,,,,0,2,
R04776,E19,2025-04-25,38,42,10,,,,1,4,manufacturing
R04777,E19,2025-04-25,45,34,5,,,,1,3,agriculture
R04778,E19,2025-04-25,48,30,9,,,,0,2,
R04779,E19,2025-04-25,,18,10,,,4,1,2,government
R04780,E19,2025-04-25,27,45,10,,,,0,2,
R04781,E19,2025-04-25,30,,2,,,,1,4,agriculture
R04782,E19,2025-04-25,348,43,7,,,4,1,1,services
R04783,E19,2025-04-25,43,39,6,,,5,0,1,
R04784,E19,2025-04-25,28,44,9,1114,,0,1,2,retail
R04785,E19,2025-04-25,38,,6,,,2,1,1,government
,E19,2025-04-25,,,9,,,,1,2,retail
R04787,E19,2025-04-26,55,55,7,,,1,0,4,
R04788,E19,2025-04-26,,62,5,,,,0,4,
R04789,E19,2025-04-26,,33,6,,1254,,0,1,
R04790,E19,2025-04-26,28,,9,,,2,1,1,services
R04791,E19,2025-04-26,29,46,2,,,,1,2,manufacturing
R04792,E19,2025-04-27,34,49,11,,,,0,4,
R04793,E19,2025-04-27,31,38,3,1420,,,1,4,agriculture
R04794,E19,2025-04-27,40,42,3,,,,1,4,retail
R04795,E19,2025-04-27,,46,1,,,,1,1,services
R04796,E19,2025-04-27,17,18,4,,569,,0,4,
R04797,E19,2025-04-27,43,57,3,,,,0,2,
R04798,E19,2025-04-27,,,5,,,,1,2,government
R04799,E19,2025-04-27,48,46,5,,612,1,0,3,
R04800,E19,2025-04-28,,26,5,,,,0,4,
R04801,E19,2025-04-28,63,43,11,,,,1,4,agriculture
R04802,E19,,,40,10,,,,1,4,agriculture
R04803,E19,2025-04-28,45,60,5,,,,1,4,retail
R04804,E19,2025-04-28,222,42,8,2118,,4,1,4,services
R04805,E19,2025-04-29,45,41,4,,,4,0,1,
R04806,E19,2025-04-29,35,39,8,,,3,1,1,manufacturing
R04807,E19,2025-04-29,33,52,6,,,3,0,3,
R04808,E19,2025-04-29,40,32,4,,1152,3,0,2,
R04809,E19,2025-04-29,38,42,5,,670,,1,1,retail
R04810,E19,2025-04-29,45,42,4,,,,1,3,government
R04811,E19,2025-04-29,41,39,7,,,4,1,1,government
R04812,E19,2025-04-29,,35,3,,,6,0,2,
R04813,E19,2025-04-29,32,39,5,,,,1,1,manufacturing
R04814,E19,2025-04-30,46,28,5,,,6,1,2,manufacturing
R04815,E19,2025-04-30,16,46,5,,,,0,1,
R04816,E19,,2,42,5,,979,,0,4,
R04817,E19,2025-04-30,41,23,4,,,,1,1,agriculture
R04818,E19,2025-04-30,,,7,,,3,0,2,
R04819,E19,,34,18,6,,,,0,1,
R04820,E19,2025-04-30,43,23,7,,,4,0,1,
R03659,E20,2025-04-01,27,22,4,,781,1,0,3,
R03612,E20,2025-04-01,40,31,5,,586,6,0,4,
R04823,E20,2025-04-01,15,22,4,,1207,6,0,3,
R04824,E20,2025-04-01,36,18,3,,840,2,0,4,
R04825,E20,2025-04-01,,28,9,1034,1186,5,1,2,retail
R04826,E20,2025-04-01,38,18,6,824,608,5,1,3,government
R04827,E20,2025-04-01,39,29,2,1747,1776,3,1,3,manufacturing
R04828,E20,2025-04-01,36,55,3,,1109,5,0,3,
R04829,E20,2025-04-01,43,46,9,566,592,,1,1,government
R04830,E20,2025-04-01,48,50,9,,1439,3,0,4,
R04831,E20,2025-04-01,35,,4,698,567,4,1,2,government
R04832,E20,2025-04-01,42,33,7,1233,1366,3,1,1,government
R04833,E20,2025-04-01,24,22,3,786,715,3,1,4,manufacturing
R04834,E20,2025-04-01,43,26,7,1296,1309,2,1,2,agriculture
R04835,E20,2025-04-01,40,58,6,488,553,,1,1,manufacturing
R04836,E20,2025-04-01,22,39,7,,716,5,0,4,
R04837,E20,2025-04-01,21,33,5,,813,6,1,3,manufacturing
R04838,E20,2025-04-01,44,37,3,,,6,0,3,
R04839,E20,2025-04-01,27,26,3,,691,4,0,4,
R04840,E20,2025-04-01,38,19,4,1372,887,6,1,3,services
R04841,E20,2025-04-05,36,33,4,,2247,6,0,3,
R04842,E20,2025-04-05,19,44,4,1106,1043,,1,1,government
R04843,E20,2025-04-05,0,39,5,,,3,0,2,
R04844,E20,2025-04-05,31,20,5,,996,6,0,4,
R04845,E20,2025-04-05,30,47,3,1379,1014,6,1,1,government
R04846,E20,2025-04-05,30,59,10,2870,2225,7,1,1,manufacturing
R04847,E20,2025-04-05,31,39,5,,934,4,1,4,manufacturing
R04848,E20,2025-04-05,44,53,4,480,1279,8,1,1,manufacturing
R04849,E20,2025-04-05,,32,8,1381,26834,5,1,3,government
R04850,E20,2025-04-05,38,32,4,,1221,7,0,4,
R04851,E20,2025-04-05,27,35,6,986,864,4,1,1,retail
R04852,E20,2025-04-05,29,41,3,,973,7,0,2,
R04853,E20,2025-04-05,27,63,5,,987,4,0,3,
R04854,E20,2025-04-06,38,23,5,1827,1398,6,1,1,manufacturing
R04855,E20,2025-04-06,51,18,5,19318,1158,3,1,3,manufacturing
R04856,E20,2025-04-06,42,24,7,2340,1662,6,1,2,agriculture
R04857,E20,2025-04-06,40,44,5,910,945,4,1,2,services
R04858,E20,2025-04-06,28,28,5,1290,1086,3,1,2,manufacturing
R04859,E20,2025-04-06,28,40,4,1472,757,5,1,3,government
R04860,E20,2025-04-06,46,40,7,1613,1401,3,1,4,agriculture
R04861,E20,2025-04-06,41,25,5,,1046,0,0,3,
R04862,E20,2025-04-06,35,19,4,1759,1674,8,1,2,retail
R04863,E20,2025-04-06,42,37,9,,,4,0,1,
R04864,E20,2025-04-06,50,67,10,2301,1249,5,1,1,government
R04865,E20,2025-04-06,25,45,3,,727,,1,1,retail
R04866,E20,2025-04-06,27,42,11,,1474,7,0,3,
R04867,E20,2025-04-10,35,51,4,837,588,6,1,2,agriculture
R04868,E20,2025-04-10,32,55,11,1085,,6,1,1,government
R04869,E20,,30,46,8,684,944,2,1,1,government
R04870,E20,2025-04-10,29,45,5,,,4,0,1,
R04871,E20,2025-04-10,30,23,4,,1114,7,0,1,
R04872,E20,2025-04-10,42,16,5,1001,690,4,1,1,agriculture
R04873,E20,2025-04-10,42,22,5,1012,959,2,1,4,retail
R04874,E20,2025-04-10,28,33,8,1438,1253,5,1,3,retail
R04875,E20,2025-04-10,24,66,5,1243,1135,3,1,2,government
R04876,E20,2025-04-10,33,35,4,1120,886,5,1,3,government
R04877,E20,2025-04-10,46,23,5,,1355,1,1,2,government
R04878,E20,2025-04-10,36,34,6,924,917,4,1,3,manufacturing
R04879,E20,2025-04-10,37,23,2,1617,1121,3,1,2,government
R04880,E20,2025-04-10,41,53,5,,1429,5,0,2,
R04881,E20,2025-04-10,45,18,7,1133,1050,6,1,1,government
R04882,E20,2025-04-11,37,60,7,,1640,5,0,2,
R04883,E20,2025-04-11,20,64,3,1408,949,2,1,4,retail
R04884,E20,2025-04-11,32,42,8,,838,3,0,4,
R04885,E20,2025-04-11,35,24,5,917,875,5,1,3,manufacturing
R04886,E20,2025-04-11,34,43,4,,933,5,0,4,
R04887,E20,2025-04-11,32,39,3,,1837,5,0,4,
R04888,E20,2025-04-11,40,18,4,,370,2,0,4,
R04889,E20,2025-04-11,33,58,4,,857,0,0,4,
R04890,E20,2025-04-11,34,45,7,1365,1046,5,1,3,government
R04891,E20,2025-04-11,25,31,4,1290,1379,1,1,2,manufacturing
R04892,E20,2025-04-11,38,41,4,19131,769,3,1,2,retail
R04893,E20,2025-04-11,55,39,5,1782,1559,3,1,3,government
R04894,E20,2025-04-11,47,41,8,,1272,,1,4,services
R04895,E20,2025-04-11,34,49,6,1290,1238,1,1,2,government
R04896,E20,2025-04-11,32,45,8,1489,1395,3,1,1,retail
R04897,E20,2025-04-11,38,,4,740,890,6,1,3,retail
R04898,E20,2025-04-11,39,29,4,2036,1794,6,1,2,manufacturing
R04899,E20,2025-04-11,30,51,3,1397,1193,1,1,2,government
R04900,E20,2025-04-11,34,78,10,,1035,2,0,4,
R04901,E20,2025-04-11,32,42,7,708,628,4,1,4,agriculture
R04902,E20,2025-04-14,23,18,5,964,919,3,1,4,retail
R04903,E20,2025-04-14,33,63,8,2302,1837,6,1,3,retail
R04904,E20,2025-04-14,46,44,5,,1303,2,0,4,
R04905,E20,2025-04-14,35,18,3,1023,915,2,1,2,manufacturing
R04906,E20,2025-04-14,26,59,6,502,546,3,1,4,manufacturing
R04907,E20,2025-04-14,39,18,6,,2265,1,0,2,
R04908,E20,2025-04-14,41,47,5,,,5,0,4,
R04909,E20,2025-04-14,24,61,6,2357,2033,4,1,1,agriculture
R04910,E20,2025-04-14,42,27,7,,2110,,0,1,
R04911,E20,2025-04-14,42,39,10,818,740,5,1,1,services
R04912,E20,2025-04-14,32,52,2,,1181,6,0,3,
R04913,E20,2025-04-14,33,27,8,,977,7,0,3,
R04914,E20,2025-04-14,25,29,10,1937,1690,3,1,2,manufacturing
R04915,E20,2025-04-15,49,18,7,1795,1615,5,1,1,services
R04916,E20,2025-04-15,-2,18,3,871,721,5,1,3,retail
R04917,E20,2025-04-15,22,57,2,,1444,5,0,4,
R04918,E20,2025-04-15,25,26,5,,1405,4,1,2,services
R04919,E20,2025-04-15,38,50,5,939,544,0,1,2,manufacturing
R04920,E20,2025-04-15,30,41,4,1428,1033,1,1,1,retail
R04921,E20,2025-04-15,48,25,5,,784,2,0,4,
R04922,E20,2025-04-15,44,25,4,1007,630,4,1,4,services
R04923,E20,2025-04-16,28,37,4,661,572,7,1,2,agriculture
R04924,E20,2025-04-16,44,55,4,683,,6,1,2,government
R04925,E20,2025-04-16,40,52,8,2591,1984,5,1,1,manufacturing
R04926,E20,2025-04-16,23,53,3,,810,6,0,4,
R04927,E20,2025-04-16,29,39,4,1904,992,4,1,2,agriculture
R04928,E20,2025-04-16,25,37,5,1318,982,5,1,3,government
R04929,E20,2025-04-16,39,18,4,1284,704,3,1,2,government
R04930,E20,2025-04-20,18,28,6,,824,2,0,4,
R04931,E20,2025-04-20,38,45,7,,923,,0,3,
R04932,E20,2025-04-20,29,27,4,,1706,6,0,1,
R04933,E20,2025-04-20,55,44,9,,2523,9,0,1,
R04934,E20,2025-04-20,32,18,10,,1889,5,1,3,government
R04935,E20,2025-04-20,48,54,6,,,2,0,1,
R04936,E20,2025-04-20,38,21,7,,971,5,0,2,
R04937,E20,2025-04-20,55,31,6,,703,5,0,3,
R04938,E20,2025-04-20,41,47,8,994,,3,1,1,services
R04939,E20,2025-04-20,37,38,3,2288,,4,1,4,agriculture
R04940,E20,2025-04-20,51,38,6,842,764,3,1,4,manufacturing
,E20,2025-04-20,44,104,10,1157,1276,6,1,3,manufacturing
R04942,E20,2025-04-20,47,45,7,1746,1277,8,1,1,government
R04943,E20,2025-04-20,46,43,7,897,1147,3,1,2,agriculture
R04944,E20,2025-04-20,32,23,4,1069,899,4,1,3,services
R04945,E20,2025-04-20,37,50,5,543,496,5,1,4,services
R04946,E20,2025-04-20,36,25,3,1635,1010,9,1,4,agriculture
R04947,E20,2025-04-20,36,51,5,1157,803,4,1,1,manufacturing
R04948,E20,2025-04-21,41,,11,,2448,5,0,1,
R04949,E20,2025-04-21,54,25,8,,974,5,0,1,
R04950,E20,2025-04-21,40,40,2,974,893,5,1,2,government
R04951,E20,2025-04-21,36,42,6,1429,959,4,1,1,services
R04952,E20,2025-04-21,35,57,8,2109,1886,3,1,3,services
R04953,E20,2025-04-21,21,52,6,,757,5,0,4,
R04954,E20,2025-04-21,22,18,10,1042,,2,1,3,manufacturing
R04955,E20,2025-04-21,46,22,8,,1601,7,0,3,
R04956,E20,2025-04-21,21,49,4,1216,1091,2,1,4,services
R04957,E20,2025-04-21,33,48,3,846,854,5,1,4,agriculture
R04958,E20,2025-04-21,49,38,7,,1185,4,0,3,
R04959,E20,2025-04-21,48,42,6,,1870,4,0,1,
R04960,E20,2025-04-21,32,23,5,2633,2696,,1,2,agriculture
R04961,E20,2025-04-21,47,24,7,2171,1995,1,1,2,services
R04962,E20,2025-04-22,,18,4,1636,1451,9,1,2,agriculture
R04963,E20,2025-04-22,21,63,6,,1536,3,0,1,
R04964,E20,2025-04-22,31,39,11,,,4,0,3,
R04965,E20,2025-04-22,21,44,3,,25476,4,0,1,
R04966,E20,2025-04-22,24,35,7,2153,2390,6,1,4,services
R04967,E20,2025-04-22,45,30,5,,786,8,0,1,
R04968,E20,2025-04-22,40,45,10,686,805,5,1,1,manufacturing
R04969,E20,2025-04-23,39,41,5,1041,761,7,1,1,manufacturing
R04970,E20,2025-04-23,37,37,6,877,471,2,1,1,agriculture
R04971,E20,2025-04-23,24,36,2,1353,,3,1,2,manufacturing
R04972,E20,2025-04-23,43,31,9,912,828,3,1,1,government
R04973,E20,2025-04-23,46,56,5,887,700,4,1,2,government
R04974,E20,2025-04-23,15,25,5,,823,3,0,4,
R04975,E20,2025-04-23,32,33,8,477,494,4,1,2,government
R04976,E20,2025-04-23,23,21,3,840,915,,1,1,government
R04977,E20,2025-04-23,31,48,4,866,964,4,1,1,agriculture
R04978,E20,2025-04-23,36,47,7,2907,2358,3,1,2,services
R04979,E20,2025-04-23,41,53,5,3006,2212,8,1,2,agriculture
R04980,E20,2025-04-23,26,39,2,2339,865,2,0,1,
R04981,E20,2025-04-23,35,37,6,784,542,7,1,3,manufacturing
R04982,E20,2025-04-28,26,18,4,1619,1317,6,1,3,retail
R04983,E20,2025-04-28,35,13,3,23777,690,0,1,3,manufacturing
R04984,E20,2025-04-28,21,29,6,932,925,1,1,3,manufacturing
R04985,E20,2025-04-28,8,,3,882,640,4,1,3,services
R04986,E20,2025-04-28,24,45,3,,877,3,0,1,
R04987,E20,2025-04-28,39,27,3,1542,1114,52,1,4,services
R04988,E20,2025-04-28,42,54,8,,1402,3,0,1,
R04989,E20,,46,39,6,2303,1622,6,1,4,agriculture
R04990,E20,2025-04-28,,27,7,,597,3,1,4,agriculture
R04991,E20,2025-04-30,32,52,2,,600,2,0,1,
R04992,E20,2025-04-30,12,23,8,,1599,5,1,3,retail
R04993,E20,2025-04-30,26,49,9,2055,1860,1,1,1,retail
R04994,E20,2025-04-30,47,54,4,,1692,2,1,3,government
R04995,E20,2025-04-30,48,18,8,,668,6,1,4,services
R04996,E20,2025-04-30,41,25,6,,,4,1,4,services
R04997,E20,2025-04-30,42,60,6,853,800,5,1,2,manufacturing
R04998,E20,2025-04-30,,27,8,1046,823,1,1,1,services
R04999,E20,2025-04-30,19,28,4,,35079,5,1,4,services
R05000,E20,2025-04-30,45,32,3,,561,5,0,4,
